store_id,date,horizon_day,forecast_p50,forecast_p80,forecast_p95,forecast_cv,campaign,is_weekend,city,archetype,service_min,travel_min,stops_per_hour_cap,existing_permanent,existing_outsourced,shipments,workload_minutes,required_courier_hours,availability_factor,productive_hour_fraction,effective_hours_per_head,required_scheduled_courier_hours,required_headcount,existing_headcount,staffing_gap,gap_direction
DXB-01,2026-08-02,0,738.9,813.3,884.7,0.12,none,False,Dubai,urban_dense,2.6,2.0,13.0,5,4,738.9,3398.9399999999996,56.648999999999994,0.7771428571428572,0.7394999999999999,4.597577142857143,56.648999999999994,12.321489828182791,9,3.3214898281827914,understaffed
DXB-02,2026-08-02,0,643.5,708.4,770.5,0.12,none,False,Dubai,urban_dense,2.6,2.0,13.0,5,3,643.5,2960.1,49.335,0.7771428571428572,0.7394999999999999,4.597577142857143,49.335,10.730651921011813,8,2.7306519210118125,understaffed
DXB-03,2026-08-02,0,488.6,537.8,585.0,0.12,none,False,Dubai,suburban,3.0,3.4,9.0,5,2,488.6,3127.0400000000004,52.11733333333334,0.7771428571428572,0.7394999999999999,4.597577142857143,52.11733333333334,11.335825743414338,7,4.335825743414338,understaffed
DXB-04,2026-08-02,0,363.5,400.1,435.2,0.12,none,False,Dubai,industrial_b2b,4.2,4.8,6.5,5,3,363.5,3271.5,54.525,0.7771428571428572,0.7394999999999999,4.597577142857143,54.525,11.859507367855864,8,3.859507367855864,understaffed
AUH-01,2026-08-02,0,572.0,629.7,684.9,0.12,none,False,Abu Dhabi,urban_dense,2.6,2.0,13.0,3,3,572.0,2631.2,43.85333333333333,0.7771428571428572,0.7394999999999999,4.597577142857143,43.85333333333333,9.53835726312161,6,3.5383572631216094,understaffed
AUH-02,2026-08-02,0,417.1,459.1,499.4,0.12,none,False,Abu Dhabi,suburban,3.0,3.4,9.0,4,2,417.1,2669.4400000000005,44.49066666666668,0.7771428571428572,0.7394999999999999,4.597577142857143,44.49066666666668,9.676981002001884,6,3.6769810020018845,understaffed
AUH-03,2026-08-02,0,309.8,341.1,371.0,0.12,none,False,Abu Dhabi,industrial_b2b,4.2,4.8,6.5,5,2,309.8,2788.2000000000003,46.470000000000006,0.7771428571428572,0.7394999999999999,4.597577142857143,46.470000000000006,10.107497613649922,7,3.1074976136499224,understaffed
SHJ-01,2026-08-02,0,464.8,511.6,556.5,0.12,none,False,Sharjah,suburban,3.0,3.4,9.0,4,3,464.8,2974.7200000000003,49.57866666666667,0.7771428571428572,0.7394999999999999,4.597577142857143,49.57866666666667,10.783650850468652,7,3.7836508504686517,understaffed
SHJ-02,2026-08-02,0,357.5,393.5,428.1,0.12,none,False,Sharjah,mixed,3.0,3.0,10.0,2,3,357.5,2145.0,35.75,0.7771428571428572,0.7394999999999999,4.597577142857143,35.75,7.775834725370878,5,2.7758347253708777,understaffed
AAN-01,2026-08-02,0,226.4,249.2,271.1,0.12,none,False,Al Ain,mixed,3.0,3.0,10.0,2,2,226.4,1358.4,22.64,0.7771428571428572,0.7394999999999999,4.597577142857143,22.64,4.924332816290816,4,0.924332816290816,understaffed
RAK-01,2026-08-02,0,208.5,229.6,249.7,0.12,none,False,Ras Al Khaimah,mixed,3.0,3.0,10.0,2,1,208.5,1251.0,20.85,0.7771428571428572,0.7394999999999999,4.597577142857143,20.85,4.534997315356162,3,1.5349973153561622,understaffed
FUJ-01,2026-08-02,0,178.8,196.8,214.0,0.12,none,False,Fujairah,suburban,3.0,3.4,9.0,2,1,178.8,1144.3200000000002,19.072000000000003,0.7771428571428572,0.7394999999999999,4.597577142857143,19.072000000000003,4.148271884818836,3,1.1482718848188362,understaffed
DXB-01,2026-08-03,1,739.4,813.9,885.4,0.12,none,False,Dubai,urban_dense,2.6,2.0,13.0,5,4,739.4,3401.24,56.68733333333333,0.7771428571428572,0.7394999999999999,4.597577142857143,56.68733333333333,12.329827553063144,9,3.3298275530631436,understaffed
DXB-02,2026-08-03,1,644.0,708.9,771.1,0.12,none,False,Dubai,urban_dense,2.6,2.0,13.0,5,3,644.0,2962.3999999999996,49.37333333333333,0.7771428571428572,0.7394999999999999,4.597577142857143,49.37333333333333,10.738989645892161,8,2.738989645892161,understaffed
DXB-03,2026-08-03,1,489.0,538.3,585.5,0.12,none,False,Dubai,suburban,3.0,3.4,9.0,5,2,489.0,3129.6000000000004,52.160000000000004,0.7771428571428572,0.7394999999999999,4.597577142857143,52.160000000000004,11.345105993715945,7,4.345105993715945,understaffed
DXB-04,2026-08-03,1,363.7,400.4,435.5,0.12,none,False,Dubai,industrial_b2b,4.2,4.8,6.5,5,3,363.7,3273.2999999999997,54.55499999999999,0.7771428571428572,0.7394999999999999,4.597577142857143,54.55499999999999,11.86603254384918,8,3.8660325438491796,understaffed
AUH-01,2026-08-03,1,572.4,630.2,685.4,0.12,none,False,Abu Dhabi,urban_dense,2.6,2.0,13.0,3,3,572.4,2633.0399999999995,43.88399999999999,0.7771428571428572,0.7394999999999999,4.597577142857143,43.88399999999999,9.545027443025889,6,3.545027443025889,understaffed
AUH-02,2026-08-03,1,417.4,459.5,499.8,0.12,none,False,Abu Dhabi,suburban,3.0,3.4,9.0,4,2,417.4,2671.36,44.522666666666666,0.7771428571428572,0.7394999999999999,4.597577142857143,44.522666666666666,9.683941189728088,6,3.6839411897280883,understaffed
AUH-03,2026-08-03,1,310.1,341.3,371.3,0.12,none,False,Abu Dhabi,industrial_b2b,4.2,4.8,6.5,5,2,310.1,2790.9,46.515,0.7771428571428572,0.7394999999999999,4.597577142857143,46.515,10.117285377639899,7,3.1172853776398988,understaffed
SHJ-01,2026-08-03,1,465.1,512.0,556.9,0.12,none,False,Sharjah,suburban,3.0,3.4,9.0,4,3,465.1,2976.6400000000003,49.610666666666674,0.7771428571428572,0.7394999999999999,4.597577142857143,49.610666666666674,10.790611038194859,7,3.790611038194859,understaffed
SHJ-02,2026-08-03,1,357.8,393.8,428.4,0.12,none,False,Sharjah,mixed,3.0,3.0,10.0,2,3,357.8,2146.8,35.78,0.7771428571428572,0.7394999999999999,4.597577142857143,35.78,7.782359901364196,5,2.782359901364196,understaffed
AAN-01,2026-08-03,1,226.6,249.4,271.3,0.12,none,False,Al Ain,mixed,3.0,3.0,10.0,2,2,226.6,1359.6,22.66,0.7771428571428572,0.7394999999999999,4.597577142857143,22.66,4.928682933619695,4,0.9286829336196947,understaffed
RAK-01,2026-08-03,1,208.7,229.7,249.9,0.12,none,False,Ras Al Khaimah,mixed,3.0,3.0,10.0,2,1,208.7,1252.1999999999998,20.869999999999997,0.7771428571428572,0.7394999999999999,4.597577142857143,20.869999999999997,4.539347432685041,3,1.539347432685041,understaffed
FUJ-01,2026-08-03,1,178.9,196.9,214.2,0.12,none,False,Fujairah,suburban,3.0,3.4,9.0,2,1,178.9,1144.96,19.082666666666668,0.7771428571428572,0.7394999999999999,4.597577142857143,19.082666666666668,4.150591947394238,3,1.150591947394238,understaffed
DXB-01,2026-08-04,2,740.0,814.6,886.0,0.12,none,False,Dubai,urban_dense,2.6,2.0,13.0,5,4,740.0,3403.9999999999995,56.73333333333333,0.7771428571428572,0.7394999999999999,4.597577142857143,56.73333333333333,12.339832822919565,9,3.339832822919565,understaffed
DXB-02,2026-08-04,2,644.5,709.5,771.7,0.12,none,False,Dubai,urban_dense,2.6,2.0,13.0,5,3,644.5,2964.7,49.41166666666666,0.7771428571428572,0.7394999999999999,4.597577142857143,49.41166666666666,10.747327370772513,8,2.7473273707725134,understaffed
DXB-03,2026-08-04,2,489.3,538.7,585.9,0.12,none,False,Dubai,suburban,3.0,3.4,9.0,5,2,489.3,3131.5200000000004,52.19200000000001,0.7771428571428572,0.7394999999999999,4.597577142857143,52.19200000000001,11.35206618144215,7,4.352066181442151,understaffed
DXB-04,2026-08-04,2,364.0,400.7,435.9,0.12,none,False,Dubai,industrial_b2b,4.2,4.8,6.5,5,3,364.0,3276.0,54.6,0.7771428571428572,0.7394999999999999,4.597577142857143,54.6,11.87582030783916,8,3.8758203078391595,understaffed
AUH-01,2026-08-04,2,572.9,630.6,686.0,0.12,none,False,Abu Dhabi,urban_dense,2.6,2.0,13.0,3,3,572.9,2635.3399999999997,43.92233333333333,0.7771428571428572,0.7394999999999999,4.597577142857143,43.92233333333333,9.553365167906241,6,3.5533651679062412,understaffed
AUH-02,2026-08-04,2,417.7,459.8,500.2,0.12,none,False,Abu Dhabi,suburban,3.0,3.4,9.0,4,2,417.7,2673.28,44.55466666666667,0.7771428571428572,0.7394999999999999,4.597577142857143,44.55466666666667,9.690901377454294,6,3.690901377454294,understaffed
AUH-03,2026-08-04,2,310.3,341.6,371.6,0.12,none,False,Abu Dhabi,industrial_b2b,4.2,4.8,6.5,5,2,310.3,2792.7000000000003,46.545,0.7771428571428572,0.7394999999999999,4.597577142857143,46.545,10.123810553633218,7,3.123810553633218,understaffed
SHJ-01,2026-08-04,2,465.5,512.4,557.3,0.12,none,False,Sharjah,suburban,3.0,3.4,9.0,4,3,465.5,2979.2000000000003,49.653333333333336,0.7771428571428572,0.7394999999999999,4.597577142857143,49.653333333333336,10.799891288496466,7,3.7998912884964664,understaffed
SHJ-02,2026-08-04,2,358.1,394.1,428.7,0.12,none,False,Sharjah,mixed,3.0,3.0,10.0,2,3,358.1,2148.6000000000004,35.81000000000001,0.7771428571428572,0.7394999999999999,4.597577142857143,35.81000000000001,7.7888850773575165,5,2.7888850773575165,understaffed
AAN-01,2026-08-04,2,226.8,249.6,271.5,0.12,none,False,Al Ain,mixed,3.0,3.0,10.0,2,2,226.8,1360.8000000000002,22.680000000000003,0.7771428571428572,0.7394999999999999,4.597577142857143,22.680000000000003,4.933033050948574,4,0.9330330509485742,understaffed
RAK-01,2026-08-04,2,208.9,229.9,250.1,0.12,none,False,Ras Al Khaimah,mixed,3.0,3.0,10.0,2,1,208.9,1253.4,20.89,0.7771428571428572,0.7394999999999999,4.597577142857143,20.89,4.5436975500139205,3,1.5436975500139205,understaffed
FUJ-01,2026-08-04,2,179.0,197.1,214.4,0.12,none,False,Fujairah,suburban,3.0,3.4,9.0,2,1,179.0,1145.6000000000001,19.093333333333337,0.7771428571428572,0.7394999999999999,4.597577142857143,19.093333333333337,4.152912009969641,3,1.1529120099696408,understaffed
DXB-01,2026-08-05,3,740.5,815.2,886.7,0.12,none,False,Dubai,urban_dense,2.6,2.0,13.0,5,4,740.5,3406.2999999999997,56.77166666666666,0.7771428571428572,0.7394999999999999,4.597577142857143,56.77166666666666,12.348170547799915,9,3.3481705477999153,understaffed
DXB-02,2026-08-05,3,645.0,710.0,772.3,0.12,none,False,Dubai,urban_dense,2.6,2.0,13.0,5,3,645.0,2966.9999999999995,49.449999999999996,0.7771428571428572,0.7394999999999999,4.597577142857143,49.449999999999996,10.755665095652864,8,2.755665095652864,understaffed
DXB-03,2026-08-05,3,489.7,539.1,586.4,0.12,none,False,Dubai,suburban,3.0,3.4,9.0,5,2,489.7,3134.08,52.23466666666666,0.7771428571428572,0.7394999999999999,4.597577142857143,52.23466666666666,11.361346431743756,7,4.3613464317437565,understaffed
DXB-04,2026-08-05,3,364.3,401.0,436.2,0.12,none,False,Dubai,industrial_b2b,4.2,4.8,6.5,5,3,364.3,3278.7000000000003,54.645,0.7771428571428572,0.7394999999999999,4.597577142857143,54.645,11.885608071829138,8,3.8856080718291377,understaffed
AUH-01,2026-08-05,3,573.3,631.1,686.5,0.12,none,False,Abu Dhabi,urban_dense,2.6,2.0,13.0,3,3,573.3,2637.1799999999994,43.95299999999999,0.7771428571428572,0.7394999999999999,4.597577142857143,43.95299999999999,9.560035347810521,6,3.560035347810521,understaffed
AUH-02,2026-08-05,3,418.0,460.2,500.6,0.12,none,False,Abu Dhabi,suburban,3.0,3.4,9.0,4,2,418.0,2675.2000000000003,44.58666666666667,0.7771428571428572,0.7394999999999999,4.597577142857143,44.58666666666667,9.697861565180501,6,3.697861565180501,understaffed
AUH-03,2026-08-05,3,310.5,341.8,371.8,0.12,none,False,Abu Dhabi,industrial_b2b,4.2,4.8,6.5,5,2,310.5,2794.5,46.575,0.7771428571428572,0.7394999999999999,4.597577142857143,46.575,10.130335729626536,7,3.1303357296265357,understaffed
SHJ-01,2026-08-05,3,465.8,512.8,557.8,0.12,none,False,Sharjah,suburban,3.0,3.4,9.0,4,3,465.8,2981.1200000000003,49.68533333333334,0.7771428571428572,0.7394999999999999,4.597577142857143,49.68533333333334,10.806851476222674,7,3.8068514762226737,understaffed
SHJ-02,2026-08-05,3,358.3,394.4,429.1,0.12,none,False,Sharjah,mixed,3.0,3.0,10.0,2,3,358.3,2149.8,35.830000000000005,0.7771428571428572,0.7394999999999999,4.597577142857143,35.830000000000005,7.793235194686394,5,2.7932351946863943,understaffed
AAN-01,2026-08-05,3,226.9,249.8,271.7,0.12,none,False,Al Ain,mixed,3.0,3.0,10.0,2,2,226.9,1361.4,22.69,0.7771428571428572,0.7394999999999999,4.597577142857143,22.69,4.935208109613013,4,0.9352081096130131,understaffed
RAK-01,2026-08-05,3,209.0,230.1,250.3,0.12,none,False,Ras Al Khaimah,mixed,3.0,3.0,10.0,2,1,209.0,1254.0,20.9,0.7771428571428572,0.7394999999999999,4.597577142857143,20.9,4.545872608678359,3,1.5458726086783594,understaffed
FUJ-01,2026-08-05,3,179.2,197.2,214.5,0.12,none,False,Fujairah,suburban,3.0,3.4,9.0,2,1,179.2,1146.8799999999999,19.114666666666665,0.7771428571428572,0.7394999999999999,4.597577142857143,19.114666666666665,4.157552135120444,3,1.1575521351204436,understaffed
DXB-01,2026-08-06,4,741.1,815.8,887.4,0.12,none,False,Dubai,urban_dense,2.6,2.0,13.0,5,4,741.1,3409.06,56.81766666666667,0.7771428571428572,0.7394999999999999,4.597577142857143,56.81766666666667,12.358175817656338,9,3.3581758176563383,understaffed
DXB-02,2026-08-06,4,645.5,710.5,772.9,0.12,none,False,Dubai,urban_dense,2.6,2.0,13.0,5,3,645.5,2969.2999999999997,49.48833333333333,0.7771428571428572,0.7394999999999999,4.597577142857143,49.48833333333333,10.764002820533214,8,2.7640028205332143,understaffed
DXB-03,2026-08-06,4,490.1,539.5,586.8,0.12,none,False,Dubai,suburban,3.0,3.4,9.0,5,2,490.1,3136.6400000000003,52.27733333333334,0.7771428571428572,0.7394999999999999,4.597577142857143,52.27733333333334,11.370626682045367,7,4.370626682045367,understaffed
DXB-04,2026-08-06,4,364.6,401.3,436.5,0.12,none,False,Dubai,industrial_b2b,4.2,4.8,6.5,5,3,364.6,3281.4,54.690000000000005,0.7771428571428572,0.7394999999999999,4.597577142857143,54.690000000000005,11.895395835819114,8,3.895395835819114,understaffed
AUH-01,2026-08-06,4,573.7,631.6,687.0,0.12,none,False,Abu Dhabi,urban_dense,2.6,2.0,13.0,3,3,573.7,2639.02,43.983666666666664,0.7771428571428572,0.7394999999999999,4.597577142857143,43.983666666666664,9.566705527714804,6,3.566705527714804,understaffed
AUH-02,2026-08-06,4,418.4,460.5,500.9,0.12,none,False,Abu Dhabi,suburban,3.0,3.4,9.0,4,2,418.4,2677.76,44.629333333333335,0.7771428571428572,0.7394999999999999,4.597577142857143,44.629333333333335,9.707141815482109,6,3.7071418154821085,understaffed
AUH-03,2026-08-06,4,310.8,342.1,372.1,0.12,none,False,Abu Dhabi,industrial_b2b,4.2,4.8,6.5,5,2,310.8,2797.2000000000003,46.620000000000005,0.7771428571428572,0.7394999999999999,4.597577142857143,46.620000000000005,10.140123493616514,7,3.140123493616514,understaffed
SHJ-01,2026-08-06,4,466.2,513.2,558.2,0.12,none,False,Sharjah,suburban,3.0,3.4,9.0,4,3,466.2,2983.6800000000003,49.728,0.7771428571428572,0.7394999999999999,4.597577142857143,49.728,10.816131726524281,7,3.816131726524281,understaffed
SHJ-02,2026-08-06,4,358.6,394.7,429.4,0.12,none,False,Sharjah,mixed,3.0,3.0,10.0,2,3,358.6,2151.6000000000004,35.86000000000001,0.7771428571428572,0.7394999999999999,4.597577142857143,35.86000000000001,7.799760370679713,5,2.7997603706797127,understaffed
AAN-01,2026-08-06,4,227.1,250.0,271.9,0.12,none,False,Al Ain,mixed,3.0,3.0,10.0,2,2,227.1,1362.6,22.709999999999997,0.7771428571428572,0.7394999999999999,4.597577142857143,22.709999999999997,4.939558226941891,4,0.939558226941891,understaffed
RAK-01,2026-08-06,4,209.2,230.3,250.5,0.12,none,False,Ras Al Khaimah,mixed,3.0,3.0,10.0,2,1,209.2,1255.1999999999998,20.919999999999998,0.7771428571428572,0.7394999999999999,4.597577142857143,20.919999999999998,4.550222726007238,3,1.550222726007238,understaffed
FUJ-01,2026-08-06,4,179.3,197.4,214.7,0.12,none,False,Fujairah,suburban,3.0,3.4,9.0,2,1,179.3,1147.5200000000002,19.125333333333337,0.7771428571428572,0.7394999999999999,4.597577142857143,19.125333333333337,4.159872197695847,3,1.1598721976958473,understaffed
DXB-01,2026-08-07,5,875.1,963.4,1047.9,0.12,none,True,Dubai,urban_dense,2.6,2.0,13.0,5,4,875.1,4025.4599999999996,67.091,0.7771428571428572,0.7394999999999999,4.597577142857143,67.091,14.59268608559042,9,5.592686085590421,understaffed
DXB-02,2026-08-07,5,762.2,839.1,912.7,0.12,none,True,Dubai,urban_dense,2.6,2.0,13.0,5,3,762.2,3506.12,58.43533333333333,0.7771428571428572,0.7394999999999999,4.597577142857143,58.43533333333333,12.710027807607153,8,4.710027807607153,understaffed
DXB-03,2026-08-07,5,578.7,637.1,693.0,0.12,none,True,Dubai,suburban,3.0,3.4,9.0,5,2,578.7,3703.6800000000003,61.728,0.7771428571428572,0.7394999999999999,4.597577142857143,61.728,13.426202123851569,7,6.426202123851569,understaffed
DXB-04,2026-08-07,5,430.5,473.9,515.5,0.12,none,True,Dubai,industrial_b2b,4.2,4.8,6.5,5,3,430.5,3874.5,64.575,0.7771428571428572,0.7394999999999999,4.597577142857143,64.575,14.045441325617467,8,6.0454413256174675,understaffed
AUH-01,2026-08-07,5,677.5,745.8,811.3,0.12,none,True,Abu Dhabi,urban_dense,2.6,2.0,13.0,3,3,677.5,3116.4999999999995,51.941666666666656,0.7771428571428572,0.7394999999999999,4.597577142857143,51.941666666666656,11.29761721287568,6,5.29761721287568,understaffed
AUH-02,2026-08-07,5,494.0,543.8,591.6,0.12,none,True,Abu Dhabi,suburban,3.0,3.4,9.0,4,2,494.0,3161.6000000000004,52.69333333333334,0.7771428571428572,0.7394999999999999,4.597577142857143,52.69333333333334,11.461109122486047,6,5.461109122486047,understaffed
AUH-03,2026-08-07,5,367.0,404.0,439.4,0.12,none,True,Abu Dhabi,industrial_b2b,4.2,4.8,6.5,5,2,367.0,3303.0,55.05,0.7771428571428572,0.7394999999999999,4.597577142857143,55.05,11.973697947738932,7,4.973697947738932,understaffed
SHJ-01,2026-08-07,5,550.5,606.0,659.2,0.12,none,True,Sharjah,suburban,3.0,3.4,9.0,4,3,550.5,3523.2000000000003,58.720000000000006,0.7771428571428572,0.7394999999999999,4.597577142857143,58.720000000000006,12.771944477588196,7,5.771944477588196,understaffed
SHJ-02,2026-08-07,5,423.5,466.1,507.0,0.12,none,True,Sharjah,mixed,3.0,3.0,10.0,2,3,423.5,2541.0,42.35,0.7771428571428572,0.7394999999999999,4.597577142857143,42.35,9.211373443900886,5,4.211373443900886,understaffed
AAN-01,2026-08-07,5,268.2,295.2,321.1,0.12,none,True,Al Ain,mixed,3.0,3.0,10.0,2,2,268.2,1609.1999999999998,26.819999999999997,0.7771428571428572,0.7394999999999999,4.597577142857143,26.819999999999997,5.833507338026488,4,1.8335073380264877,understaffed
RAK-01,2026-08-07,5,247.0,271.9,295.8,0.12,none,True,Ras Al Khaimah,mixed,3.0,3.0,10.0,2,1,247.0,1482.0,24.7,0.7771428571428572,0.7394999999999999,4.597577142857143,24.7,5.372394901165333,3,2.3723949011653334,understaffed
FUJ-01,2026-08-07,5,211.7,233.1,253.5,0.12,none,True,Fujairah,suburban,3.0,3.4,9.0,2,1,211.7,1354.88,22.581333333333337,0.7771428571428572,0.7394999999999999,4.597577142857143,22.581333333333337,4.911572472126106,3,1.9115724721261058,understaffed
DXB-01,2026-08-08,6,875.8,964.1,1048.7,0.12,none,True,Dubai,urban_dense,2.6,2.0,13.0,5,4,875.8,4028.6799999999994,67.14466666666665,0.7771428571428572,0.7394999999999999,4.597577142857143,67.14466666666665,14.604358900422909,9,5.604358900422909,understaffed
DXB-02,2026-08-08,6,762.8,839.7,913.4,0.12,none,True,Dubai,urban_dense,2.6,2.0,13.0,5,3,762.8,3508.8799999999997,58.481333333333325,0.7771428571428572,0.7394999999999999,4.597577142857143,58.481333333333325,12.720033077463572,8,4.720033077463572,understaffed
DXB-03,2026-08-08,6,579.2,637.5,693.5,0.12,none,True,Dubai,suburban,3.0,3.4,9.0,5,2,579.2,3706.8800000000006,61.78133333333334,0.7771428571428572,0.7394999999999999,4.597577142857143,61.78133333333334,13.43780243672858,7,6.43780243672858,understaffed
DXB-04,2026-08-08,6,430.8,474.3,515.9,0.12,none,True,Dubai,industrial_b2b,4.2,4.8,6.5,5,3,430.8,3877.2000000000003,64.62,0.7771428571428572,0.7394999999999999,4.597577142857143,64.62,14.055229089607446,8,6.055229089607446,understaffed
AUH-01,2026-08-08,6,678.0,746.4,811.9,0.12,none,True,Abu Dhabi,urban_dense,2.6,2.0,13.0,3,3,678.0,3118.7999999999997,51.98,0.7771428571428572,0.7394999999999999,4.597577142857143,51.98,11.305954937756034,6,5.305954937756034,understaffed
AUH-02,2026-08-08,6,494.4,544.2,592.0,0.12,none,True,Abu Dhabi,suburban,3.0,3.4,9.0,4,2,494.4,3164.16,52.736,0.7771428571428572,0.7394999999999999,4.597577142857143,52.736,11.470389372787652,6,5.470389372787652,understaffed
AUH-03,2026-08-08,6,367.3,404.3,439.8,0.12,none,True,Abu Dhabi,industrial_b2b,4.2,4.8,6.5,5,2,367.3,3305.7000000000003,55.095000000000006,0.7771428571428572,0.7394999999999999,4.597577142857143,55.095000000000006,11.98348571172891,7,4.98348571172891,understaffed
SHJ-01,2026-08-08,6,550.9,606.4,659.7,0.12,none,True,Sharjah,suburban,3.0,3.4,9.0,4,3,550.9,3525.76,58.76266666666667,0.7771428571428572,0.7394999999999999,4.597577142857143,58.76266666666667,12.781224727889803,7,5.7812247278898035,understaffed
SHJ-02,2026-08-08,6,423.8,466.5,507.4,0.12,none,True,Sharjah,mixed,3.0,3.0,10.0,2,3,423.8,2542.8,42.38,0.7771428571428572,0.7394999999999999,4.597577142857143,42.38,9.217898619894205,5,4.217898619894205,understaffed
AAN-01,2026-08-08,6,268.4,295.4,321.4,0.12,none,True,Al Ain,mixed,3.0,3.0,10.0,2,2,268.4,1610.3999999999999,26.839999999999996,0.7771428571428572,0.7394999999999999,4.597577142857143,26.839999999999996,5.837857455355366,4,1.8378574553553664,understaffed
RAK-01,2026-08-08,6,247.2,272.1,296.0,0.12,none,True,Ras Al Khaimah,mixed,3.0,3.0,10.0,2,1,247.2,1483.1999999999998,24.719999999999995,0.7771428571428572,0.7394999999999999,4.597577142857143,24.719999999999995,5.376745018494212,3,2.376745018494212,understaffed
FUJ-01,2026-08-08,6,211.9,233.2,253.7,0.12,none,True,Fujairah,suburban,3.0,3.4,9.0,2,1,211.9,1356.16,22.602666666666668,0.7771428571428572,0.7394999999999999,4.597577142857143,22.602666666666668,4.9162125972769095,3,1.9162125972769095,understaffed
DXB-01,2026-08-09,7,742.8,827.0,907.7,0.135,none,False,Dubai,urban_dense,2.6,2.0,13.0,5,4,742.8,3416.8799999999997,56.94799999999999,0.7771428571428572,0.7394999999999999,4.597577142857143,56.94799999999999,12.38652408224953,9,3.3865240822495295,understaffed
DXB-02,2026-08-09,7,646.9,720.3,790.6,0.135,none,False,Dubai,urban_dense,2.6,2.0,13.0,5,3,646.9,2975.74,49.595666666666666,0.7771428571428572,0.7394999999999999,4.597577142857143,49.595666666666666,10.787348450198198,8,2.7873484501981984,understaffed
DXB-03,2026-08-09,7,491.2,546.9,600.3,0.135,none,False,Dubai,suburban,3.0,3.4,9.0,5,2,491.2,3143.6800000000003,52.39466666666667,0.7771428571428572,0.7394999999999999,4.597577142857143,52.39466666666667,11.39614737037479,7,4.3961473703747895,understaffed
DXB-04,2026-08-09,7,365.4,406.8,446.5,0.135,none,False,Dubai,industrial_b2b,4.2,4.8,6.5,5,3,365.4,3288.6,54.809999999999995,0.7771428571428572,0.7394999999999999,4.597577142857143,54.809999999999995,11.921496539792386,8,3.921496539792386,understaffed
AUH-01,2026-08-09,7,575.0,640.2,702.7,0.135,none,False,Abu Dhabi,urban_dense,2.6,2.0,13.0,3,3,575.0,2645.0,44.083333333333336,0.7771428571428572,0.7394999999999999,4.597577142857143,44.083333333333336,9.588383612403717,6,3.5883836124037174,understaffed
AUH-02,2026-08-09,7,419.3,466.8,512.4,0.135,none,False,Abu Dhabi,suburban,3.0,3.4,9.0,4,2,419.3,2683.5200000000004,44.72533333333334,0.7771428571428572,0.7394999999999999,4.597577142857143,44.72533333333334,9.728022378660727,6,3.728022378660727,understaffed
AUH-03,2026-08-09,7,311.5,346.8,380.7,0.135,none,False,Abu Dhabi,industrial_b2b,4.2,4.8,6.5,5,2,311.5,2803.5,46.725,0.7771428571428572,0.7394999999999999,4.597577142857143,46.725,10.162961609593127,7,3.162961609593127,understaffed
SHJ-01,2026-08-09,7,467.2,520.2,571.0,0.135,none,False,Sharjah,suburban,3.0,3.4,9.0,4,3,467.2,2990.08,49.834666666666664,0.7771428571428572,0.7394999999999999,4.597577142857143,49.834666666666664,10.8393323522783,7,3.8393323522782996,understaffed
SHJ-02,2026-08-09,7,359.4,400.2,439.2,0.135,none,False,Sharjah,mixed,3.0,3.0,10.0,2,3,359.4,2156.3999999999996,35.93999999999999,0.7771428571428572,0.7394999999999999,4.597577142857143,35.93999999999999,7.817160839995225,5,2.817160839995225,understaffed
AAN-01,2026-08-09,7,227.6,253.4,278.2,0.135,none,False,Al Ain,mixed,3.0,3.0,10.0,2,2,227.6,1365.6,22.759999999999998,0.7771428571428572,0.7394999999999999,4.597577142857143,22.759999999999998,4.950433520264088,4,0.9504335202640881,understaffed
RAK-01,2026-08-09,7,209.7,233.4,256.2,0.135,none,False,Ras Al Khaimah,mixed,3.0,3.0,10.0,2,1,209.7,1258.1999999999998,20.969999999999995,0.7771428571428572,0.7394999999999999,4.597577142857143,20.969999999999995,4.561098019329434,3,1.5610980193294344,understaffed
FUJ-01,2026-08-09,7,179.7,200.1,219.6,0.135,none,False,Fujairah,suburban,3.0,3.4,9.0,2,1,179.7,1150.08,19.168,0.7771428571428572,0.7394999999999999,4.597577142857143,19.168,4.169152447997454,3,1.1691524479974538,understaffed
DXB-01,2026-08-10,8,743.3,827.6,908.4,0.135,none,False,Dubai,urban_dense,2.6,2.0,13.0,5,4,743.3,3419.1799999999994,56.98633333333332,0.7771428571428572,0.7394999999999999,4.597577142857143,56.98633333333332,12.39486180712988,9,3.39486180712988,understaffed
DXB-02,2026-08-10,8,647.4,720.8,791.2,0.135,none,False,Dubai,urban_dense,2.6,2.0,13.0,5,3,647.4,2978.0399999999995,49.63399999999999,0.7771428571428572,0.7394999999999999,4.597577142857143,49.63399999999999,10.795686175078549,8,2.795686175078549,understaffed
DXB-03,2026-08-10,8,491.5,547.3,600.7,0.135,none,False,Dubai,suburban,3.0,3.4,9.0,5,2,491.5,3145.6000000000004,52.42666666666667,0.7771428571428572,0.7394999999999999,4.597577142857143,52.42666666666667,11.403107558100995,7,4.403107558100995,understaffed
DXB-04,2026-08-10,8,365.7,407.1,446.9,0.135,none,False,Dubai,industrial_b2b,4.2,4.8,6.5,5,3,365.7,3291.2999999999997,54.855,0.7771428571428572,0.7394999999999999,4.597577142857143,54.855,11.931284303782363,8,3.9312843037823626,understaffed
AUH-01,2026-08-10,8,575.5,640.7,703.3,0.135,none,False,Abu Dhabi,urban_dense,2.6,2.0,13.0,3,3,575.5,2647.2999999999997,44.12166666666666,0.7771428571428572,0.7394999999999999,4.597577142857143,44.12166666666666,9.596721337284066,6,3.596721337284066,understaffed
AUH-02,2026-08-10,8,419.6,467.2,512.8,0.135,none,False,Abu Dhabi,suburban,3.0,3.4,9.0,4,2,419.6,2685.4400000000005,44.75733333333334,0.7771428571428572,0.7394999999999999,4.597577142857143,44.75733333333334,9.734982566386934,6,3.7349825663869343,understaffed
AUH-03,2026-08-10,8,311.7,347.1,380.9,0.135,none,False,Abu Dhabi,industrial_b2b,4.2,4.8,6.5,5,2,311.7,2805.2999999999997,46.754999999999995,0.7771428571428572,0.7394999999999999,4.597577142857143,46.754999999999995,10.169486785586443,7,3.169486785586443,understaffed
SHJ-01,2026-08-10,8,467.6,520.6,571.4,0.135,none,False,Sharjah,suburban,3.0,3.4,9.0,4,3,467.6,2992.6400000000003,49.87733333333334,0.7771428571428572,0.7394999999999999,4.597577142857143,49.87733333333334,10.84861260257991,7,3.8486126025799106,understaffed
SHJ-02,2026-08-10,8,359.7,400.5,439.5,0.135,none,False,Sharjah,mixed,3.0,3.0,10.0,2,3,359.7,2158.2,35.97,0.7771428571428572,0.7394999999999999,4.597577142857143,35.97,7.823686015988544,5,2.823686015988544,understaffed
AAN-01,2026-08-10,8,227.8,253.6,278.4,0.135,none,False,Al Ain,mixed,3.0,3.0,10.0,2,2,227.8,1366.8000000000002,22.780000000000005,0.7771428571428572,0.7394999999999999,4.597577142857143,22.780000000000005,4.954783637592969,4,0.9547836375929686,understaffed
RAK-01,2026-08-10,8,209.8,233.6,256.4,0.135,none,False,Ras Al Khaimah,mixed,3.0,3.0,10.0,2,1,209.8,1258.8000000000002,20.980000000000004,0.7771428571428572,0.7394999999999999,4.597577142857143,20.980000000000004,4.563273077993876,3,1.563273077993876,understaffed
FUJ-01,2026-08-10,8,179.8,200.2,219.8,0.135,none,False,Fujairah,suburban,3.0,3.4,9.0,2,1,179.8,1150.72,19.17866666666667,0.7771428571428572,0.7394999999999999,4.597577142857143,19.17866666666667,4.1714725105728565,3,1.1714725105728565,understaffed
DXB-01,2026-08-11,9,743.9,828.2,909.1,0.135,none,False,Dubai,urban_dense,2.6,2.0,13.0,5,4,743.9,3421.9399999999996,57.03233333333333,0.7771428571428572,0.7394999999999999,4.597577142857143,57.03233333333333,12.404867076986303,9,3.404867076986303,understaffed
DXB-02,2026-08-11,9,647.9,721.4,791.8,0.135,none,False,Dubai,urban_dense,2.6,2.0,13.0,5,3,647.9,2980.3399999999997,49.67233333333333,0.7771428571428572,0.7394999999999999,4.597577142857143,49.67233333333333,10.8040238999589,8,2.8040238999588993,understaffed
DXB-03,2026-08-11,9,491.9,547.7,601.2,0.135,none,False,Dubai,suburban,3.0,3.4,9.0,5,2,491.9,3148.16,52.46933333333333,0.7771428571428572,0.7394999999999999,4.597577142857143,52.46933333333333,11.412387808402602,7,4.4123878084026025,understaffed
DXB-04,2026-08-11,9,365.9,407.4,447.2,0.135,none,False,Dubai,industrial_b2b,4.2,4.8,6.5,5,3,365.9,3293.1,54.885,0.7771428571428572,0.7394999999999999,4.597577142857143,54.885,11.937809479775682,8,3.937809479775682,understaffed
AUH-01,2026-08-11,9,575.9,641.2,703.8,0.135,none,False,Abu Dhabi,urban_dense,2.6,2.0,13.0,3,3,575.9,2649.14,44.15233333333333,0.7771428571428572,0.7394999999999999,4.597577142857143,44.15233333333333,9.603391517188347,6,3.6033915171883475,understaffed
AUH-02,2026-08-11,9,419.9,467.6,513.2,0.135,none,False,Abu Dhabi,suburban,3.0,3.4,9.0,4,2,419.9,2687.36,44.78933333333334,0.7771428571428572,0.7394999999999999,4.597577142857143,44.78933333333334,9.74194275411314,6,3.74194275411314,understaffed
AUH-03,2026-08-11,9,311.9,347.3,381.2,0.135,none,False,Abu Dhabi,industrial_b2b,4.2,4.8,6.5,5,2,311.9,2807.1,46.785,0.7771428571428572,0.7394999999999999,4.597577142857143,46.785,10.176011961579762,7,3.1760119615797624,understaffed
SHJ-01,2026-08-11,9,467.9,521.0,571.8,0.135,none,False,Sharjah,suburban,3.0,3.4,9.0,4,3,467.9,2994.56,49.90933333333333,0.7771428571428572,0.7394999999999999,4.597577142857143,49.90933333333333,10.855572790306114,7,3.8555727903061143,understaffed
SHJ-02,2026-08-11,9,359.9,400.8,439.9,0.135,none,False,Sharjah,mixed,3.0,3.0,10.0,2,3,359.9,2159.3999999999996,35.989999999999995,0.7771428571428572,0.7394999999999999,4.597577142857143,35.989999999999995,7.828036133317423,5,2.828036133317423,understaffed
AAN-01,2026-08-11,9,228.0,253.8,278.6,0.135,none,False,Al Ain,mixed,3.0,3.0,10.0,2,2,228.0,1368.0,22.8,0.7771428571428572,0.7394999999999999,4.597577142857143,22.8,4.959133754921846,4,0.9591337549218464,understaffed
RAK-01,2026-08-11,9,210.0,233.8,256.6,0.135,none,False,Ras Al Khaimah,mixed,3.0,3.0,10.0,2,1,210.0,1260.0,21.0,0.7771428571428572,0.7394999999999999,4.597577142857143,21.0,4.567623195322754,3,1.5676231953227537,understaffed
FUJ-01,2026-08-11,9,180.0,200.4,219.9,0.135,none,False,Fujairah,suburban,3.0,3.4,9.0,2,1,180.0,1152.0,19.2,0.7771428571428572,0.7394999999999999,4.597577142857143,19.2,4.17611263572366,3,1.1761126357236602,understaffed
DXB-01,2026-08-12,10,744.4,828.9,909.8,0.135,none,False,Dubai,urban_dense,2.6,2.0,13.0,5,4,744.4,3424.24,57.07066666666666,0.7771428571428572,0.7394999999999999,4.597577142857143,57.07066666666666,12.413204801866653,9,3.4132048018666534,understaffed
DXB-02,2026-08-12,10,648.4,721.9,792.4,0.135,none,False,Dubai,urban_dense,2.6,2.0,13.0,5,3,648.4,2982.64,49.71066666666666,0.7771428571428572,0.7394999999999999,4.597577142857143,49.71066666666666,10.812361624839252,8,2.8123616248392516,understaffed
DXB-03,2026-08-12,10,492.3,548.1,601.6,0.135,none,False,Dubai,suburban,3.0,3.4,9.0,5,2,492.3,3150.7200000000003,52.51200000000001,0.7771428571428572,0.7394999999999999,4.597577142857143,52.51200000000001,11.421668058704213,7,4.421668058704213,understaffed
DXB-04,2026-08-12,10,366.2,407.7,447.5,0.135,none,False,Dubai,industrial_b2b,4.2,4.8,6.5,5,3,366.2,3295.7999999999997,54.92999999999999,0.7771428571428572,0.7394999999999999,4.597577142857143,54.92999999999999,11.947597243765658,8,3.9475972437656583,understaffed
AUH-01,2026-08-12,10,576.3,641.7,704.3,0.135,none,False,Abu Dhabi,urban_dense,2.6,2.0,13.0,3,3,576.3,2650.9799999999996,44.18299999999999,0.7771428571428572,0.7394999999999999,4.597577142857143,44.18299999999999,9.610061697092627,6,3.610061697092627,understaffed
AUH-02,2026-08-12,10,420.2,467.9,513.6,0.135,none,False,Abu Dhabi,suburban,3.0,3.4,9.0,4,2,420.2,2689.28,44.821333333333335,0.7771428571428572,0.7394999999999999,4.597577142857143,44.821333333333335,9.748902941839345,6,3.7489029418393454,understaffed
AUH-03,2026-08-12,10,312.2,347.6,381.5,0.135,none,False,Abu Dhabi,industrial_b2b,4.2,4.8,6.5,5,2,312.2,2809.7999999999997,46.83,0.7771428571428572,0.7394999999999999,4.597577142857143,46.83,10.18579972556974,7,3.1857997255697406,understaffed
SHJ-01,2026-08-12,10,468.3,521.4,572.3,0.135,none,False,Sharjah,suburban,3.0,3.4,9.0,4,3,468.3,2997.1200000000003,49.952000000000005,0.7771428571428572,0.7394999999999999,4.597577142857143,49.952000000000005,10.864853040607723,7,3.8648530406077235,understaffed
SHJ-02,2026-08-12,10,360.2,401.1,440.2,0.135,none,False,Sharjah,mixed,3.0,3.0,10.0,2,3,360.2,2161.2,36.019999999999996,0.7771428571428572,0.7394999999999999,4.597577142857143,36.019999999999996,7.834561309310741,5,2.8345613093107414,understaffed
AAN-01,2026-08-12,10,228.1,254.0,278.8,0.135,none,False,Al Ain,mixed,3.0,3.0,10.0,2,2,228.1,1368.6,22.81,0.7771428571428572,0.7394999999999999,4.597577142857143,22.81,4.961308813586286,4,0.9613088135862862,understaffed
RAK-01,2026-08-12,10,210.1,234.0,256.8,0.135,none,False,Ras Al Khaimah,mixed,3.0,3.0,10.0,2,1,210.1,1260.6,21.009999999999998,0.7771428571428572,0.7394999999999999,4.597577142857143,21.009999999999998,4.569798253987193,3,1.5697982539871926,understaffed
FUJ-01,2026-08-12,10,180.1,200.5,220.1,0.135,none,False,Fujairah,suburban,3.0,3.4,9.0,2,1,180.1,1152.64,19.21066666666667,0.7771428571428572,0.7394999999999999,4.597577142857143,19.21066666666667,4.178432698299063,3,1.178432698299063,understaffed
DXB-01,2026-08-13,11,745.0,829.5,910.4,0.135,none,False,Dubai,urban_dense,2.6,2.0,13.0,5,4,745.0,3426.9999999999995,57.11666666666666,0.7771428571428572,0.7394999999999999,4.597577142857143,57.11666666666666,12.423210071723075,9,3.4232100717230747,understaffed
DXB-02,2026-08-13,11,648.9,722.4,793.0,0.135,none,False,Dubai,urban_dense,2.6,2.0,13.0,5,3,648.9,2984.9399999999996,49.748999999999995,0.7771428571428572,0.7394999999999999,4.597577142857143,49.748999999999995,10.820699349719602,8,2.820699349719602,understaffed
DXB-03,2026-08-13,11,492.7,548.5,602.1,0.135,none,False,Dubai,suburban,3.0,3.4,9.0,5,2,492.7,3153.28,52.55466666666667,0.7771428571428572,0.7394999999999999,4.597577142857143,52.55466666666667,11.430948309005819,7,4.430948309005819,understaffed
DXB-04,2026-08-13,11,366.5,408.0,447.9,0.135,none,False,Dubai,industrial_b2b,4.2,4.8,6.5,5,3,366.5,3298.5,54.975,0.7771428571428572,0.7394999999999999,4.597577142857143,54.975,11.957385007755637,8,3.9573850077556365,understaffed
AUH-01,2026-08-13,11,576.8,642.2,704.9,0.135,none,False,Abu Dhabi,urban_dense,2.6,2.0,13.0,3,3,576.8,2653.2799999999997,44.22133333333333,0.7771428571428572,0.7394999999999999,4.597577142857143,44.22133333333333,9.61839942197298,6,3.6183994219729794,understaffed
AUH-02,2026-08-13,11,420.6,468.3,514.0,0.135,none,False,Abu Dhabi,suburban,3.0,3.4,9.0,4,2,420.6,2691.84,44.864000000000004,0.7771428571428572,0.7394999999999999,4.597577142857143,44.864000000000004,9.758183192140955,6,3.7581831921409545,understaffed
AUH-03,2026-08-13,11,312.4,347.8,381.8,0.135,none,False,Abu Dhabi,industrial_b2b,4.2,4.8,6.5,5,2,312.4,2811.6,46.86,0.7771428571428572,0.7394999999999999,4.597577142857143,46.86,10.192324901563058,7,3.192324901563058,understaffed
SHJ-01,2026-08-13,11,468.6,521.8,572.7,0.135,none,False,Sharjah,suburban,3.0,3.4,9.0,4,3,468.6,2999.0400000000004,49.98400000000001,0.7771428571428572,0.7394999999999999,4.597577142857143,49.98400000000001,10.87181322833393,7,3.871813228333931,understaffed
SHJ-02,2026-08-13,11,360.5,401.4,440.5,0.135,none,False,Sharjah,mixed,3.0,3.0,10.0,2,3,360.5,2163.0,36.05,0.7771428571428572,0.7394999999999999,4.597577142857143,36.05,7.84108648530406,5,2.84108648530406,understaffed
AAN-01,2026-08-13,11,228.3,254.2,279.0,0.135,none,False,Al Ain,mixed,3.0,3.0,10.0,2,2,228.3,1369.8000000000002,22.830000000000002,0.7771428571428572,0.7394999999999999,4.597577142857143,22.830000000000002,4.965658930915165,4,0.9656589309151649,understaffed
RAK-01,2026-08-13,11,210.3,234.1,257.0,0.135,none,False,Ras Al Khaimah,mixed,3.0,3.0,10.0,2,1,210.3,1261.8000000000002,21.030000000000005,0.7771428571428572,0.7394999999999999,4.597577142857143,21.030000000000005,4.574148371316073,3,1.574148371316073,understaffed
FUJ-01,2026-08-13,11,180.2,200.7,220.3,0.135,none,False,Fujairah,suburban,3.0,3.4,9.0,2,1,180.2,1153.28,19.221333333333334,0.7771428571428572,0.7394999999999999,4.597577142857143,19.221333333333334,4.180752760874465,3,1.1807527608744648,understaffed
DXB-01,2026-08-14,12,879.7,979.5,1075.1,0.135,none,True,Dubai,urban_dense,2.6,2.0,13.0,5,4,879.7,4046.62,67.44366666666666,0.7771428571428572,0.7394999999999999,4.597577142857143,67.44366666666666,14.669393154489649,9,5.669393154489649,understaffed
DXB-02,2026-08-14,12,766.2,853.1,936.4,0.135,none,True,Dubai,urban_dense,2.6,2.0,13.0,5,3,766.2,3524.52,58.742,0.7771428571428572,0.7394999999999999,4.597577142857143,58.742,12.77672960664996,8,4.77672960664996,understaffed
DXB-03,2026-08-14,12,581.8,647.7,711.0,0.135,none,True,Dubai,suburban,3.0,3.4,9.0,5,2,581.8,3723.52,62.05866666666667,0.7771428571428572,0.7394999999999999,4.597577142857143,62.05866666666667,13.498124063689032,7,6.498124063689032,understaffed
DXB-04,2026-08-14,12,432.8,481.9,528.9,0.135,none,True,Dubai,industrial_b2b,4.2,4.8,6.5,5,3,432.8,3895.2000000000003,64.92,0.7771428571428572,0.7394999999999999,4.597577142857143,64.92,14.120480849540627,8,6.120480849540627,understaffed
AUH-01,2026-08-14,12,681.1,758.3,832.4,0.135,none,True,Abu Dhabi,urban_dense,2.6,2.0,13.0,3,3,681.1,3133.06,52.217666666666666,0.7771428571428572,0.7394999999999999,4.597577142857143,52.217666666666666,11.357648832014211,6,5.3576488320142115,understaffed
AUH-02,2026-08-14,12,496.6,553.0,606.9,0.135,none,True,Abu Dhabi,suburban,3.0,3.4,9.0,4,2,496.6,3178.2400000000002,52.97066666666667,0.7771428571428572,0.7394999999999999,4.597577142857143,52.97066666666667,11.5214307494465,6,5.5214307494465,understaffed
AUH-03,2026-08-14,12,368.9,410.8,450.9,0.135,none,True,Abu Dhabi,industrial_b2b,4.2,4.8,6.5,5,2,368.9,3320.1,55.335,0.7771428571428572,0.7394999999999999,4.597577142857143,55.335,12.035687119675455,7,5.035687119675455,understaffed
SHJ-01,2026-08-14,12,553.4,616.1,676.3,0.135,none,True,Sharjah,suburban,3.0,3.4,9.0,4,3,553.4,3541.76,59.029333333333334,0.7771428571428572,0.7394999999999999,4.597577142857143,59.029333333333334,12.839226292274853,7,5.839226292274853,understaffed
SHJ-02,2026-08-14,12,425.7,474.0,520.2,0.135,none,True,Sharjah,mixed,3.0,3.0,10.0,2,3,425.7,2554.2,42.57,0.7771428571428572,0.7394999999999999,4.597577142857143,42.57,9.259224734518552,5,4.259224734518552,understaffed
AAN-01,2026-08-14,12,269.6,300.2,329.5,0.135,none,True,Al Ain,mixed,3.0,3.0,10.0,2,2,269.6,1617.6000000000001,26.96,0.7771428571428572,0.7394999999999999,4.597577142857143,26.96,5.86395815932864,4,1.8639581593286403,understaffed
RAK-01,2026-08-14,12,248.3,276.5,303.5,0.135,none,True,Ras Al Khaimah,mixed,3.0,3.0,10.0,2,1,248.3,1489.8000000000002,24.830000000000002,0.7771428571428572,0.7394999999999999,4.597577142857143,24.830000000000002,5.400670663803046,3,2.400670663803046,understaffed
FUJ-01,2026-08-14,12,212.8,237.0,260.1,0.135,none,True,Fujairah,suburban,3.0,3.4,9.0,2,1,212.8,1361.92,22.698666666666668,0.7771428571428572,0.7394999999999999,4.597577142857143,22.698666666666668,4.937093160455528,3,1.937093160455528,understaffed
DXB-01,2026-08-15,13,880.4,980.2,1075.9,0.135,none,True,Dubai,urban_dense,2.6,2.0,13.0,5,4,880.4,4049.8399999999997,67.49733333333333,0.7771428571428572,0.7394999999999999,4.597577142857143,67.49733333333333,14.681065969322143,9,5.681065969322143,understaffed
DXB-02,2026-08-15,13,766.8,853.8,937.1,0.135,none,True,Dubai,urban_dense,2.6,2.0,13.0,5,3,766.8,3527.2799999999997,58.788,0.7771428571428572,0.7394999999999999,4.597577142857143,58.788,12.786734876506381,8,4.786734876506381,understaffed
DXB-03,2026-08-15,13,582.2,648.2,711.5,0.135,none,True,Dubai,suburban,3.0,3.4,9.0,5,2,582.2,3726.0800000000004,62.101333333333336,0.7771428571428572,0.7394999999999999,4.597577142857143,62.101333333333336,13.507404313990639,7,6.507404313990639,understaffed
DXB-04,2026-08-15,13,433.1,482.2,529.3,0.135,none,True,Dubai,industrial_b2b,4.2,4.8,6.5,5,3,433.1,3897.9,64.965,0.7771428571428572,0.7394999999999999,4.597577142857143,64.965,14.130268613530605,8,6.130268613530605,understaffed
AUH-01,2026-08-15,13,681.6,758.9,833.0,0.135,none,True,Abu Dhabi,urban_dense,2.6,2.0,13.0,3,3,681.6,3135.3599999999997,52.25599999999999,0.7771428571428572,0.7394999999999999,4.597577142857143,52.25599999999999,11.36598655689456,6,5.36598655689456,understaffed
AUH-02,2026-08-15,13,497.0,553.4,607.4,0.135,none,True,Abu Dhabi,suburban,3.0,3.4,9.0,4,2,497.0,3180.8,53.013333333333335,0.7771428571428572,0.7394999999999999,4.597577142857143,53.013333333333335,11.530710999748107,6,5.530710999748107,understaffed
AUH-03,2026-08-15,13,369.2,411.1,451.2,0.135,none,True,Abu Dhabi,industrial_b2b,4.2,4.8,6.5,5,2,369.2,3322.7999999999997,55.379999999999995,0.7771428571428572,0.7394999999999999,4.597577142857143,55.379999999999995,12.045474883665431,7,5.045474883665431,understaffed
SHJ-01,2026-08-15,13,553.8,616.6,676.8,0.135,none,True,Sharjah,suburban,3.0,3.4,9.0,4,3,553.8,3544.3199999999997,59.071999999999996,0.7771428571428572,0.7394999999999999,4.597577142857143,59.071999999999996,12.84850654257646,7,5.848506542576461,understaffed
SHJ-02,2026-08-15,13,426.0,474.3,520.6,0.135,none,True,Sharjah,mixed,3.0,3.0,10.0,2,3,426.0,2556.0,42.6,0.7771428571428572,0.7394999999999999,4.597577142857143,42.6,9.265749910511872,5,4.265749910511872,understaffed
AAN-01,2026-08-15,13,269.8,300.4,329.7,0.135,none,True,Al Ain,mixed,3.0,3.0,10.0,2,2,269.8,1618.8000000000002,26.980000000000004,0.7771428571428572,0.7394999999999999,4.597577142857143,26.980000000000004,5.868308276657519,4,1.868308276657519,understaffed
RAK-01,2026-08-15,13,248.5,276.7,303.7,0.135,none,True,Ras Al Khaimah,mixed,3.0,3.0,10.0,2,1,248.5,1491.0,24.85,0.7771428571428572,0.7394999999999999,4.597577142857143,24.85,5.405020781131925,3,2.405020781131925,understaffed
FUJ-01,2026-08-15,13,213.0,237.2,260.3,0.135,none,True,Fujairah,suburban,3.0,3.4,9.0,2,1,213.0,1363.2,22.720000000000002,0.7771428571428572,0.7394999999999999,4.597577142857143,22.720000000000002,4.941733285606332,3,1.9417332856063316,understaffed
DXB-01,2026-08-16,14,746.7,840.7,930.9,0.15,none,False,Dubai,urban_dense,2.6,2.0,13.0,5,4,746.7,3434.82,57.247,0.7771428571428572,0.7394999999999999,4.597577142857143,57.247,12.45155833631627,9,3.4515583363162694,understaffed
DXB-02,2026-08-16,14,650.3,732.3,810.8,0.15,none,False,Dubai,urban_dense,2.6,2.0,13.0,5,3,650.3,2991.3799999999997,49.856333333333325,0.7771428571428572,0.7394999999999999,4.597577142857143,49.856333333333325,10.844044979384584,8,2.8440449793845843,understaffed
DXB-03,2026-08-16,14,493.8,556.0,615.6,0.15,none,False,Dubai,suburban,3.0,3.4,9.0,5,2,493.8,3160.32,52.672000000000004,0.7771428571428572,0.7394999999999999,4.597577142857143,52.672000000000004,11.456468997335243,7,4.456468997335243,understaffed
DXB-04,2026-08-16,14,367.3,413.6,457.9,0.15,none,False,Dubai,industrial_b2b,4.2,4.8,6.5,5,3,367.3,3305.7000000000003,55.095000000000006,0.7771428571428572,0.7394999999999999,4.597577142857143,55.095000000000006,11.98348571172891,8,3.9834857117289104,understaffed
AUH-01,2026-08-16,14,578.1,650.9,720.7,0.15,none,False,Abu Dhabi,urban_dense,2.6,2.0,13.0,3,3,578.1,2659.2599999999998,44.321,0.7771428571428572,0.7394999999999999,4.597577142857143,44.321,9.640077506661893,6,3.6400775066618927,understaffed
AUH-02,2026-08-16,14,421.5,474.6,525.5,0.15,none,False,Abu Dhabi,suburban,3.0,3.4,9.0,4,2,421.5,2697.6000000000004,44.96000000000001,0.7771428571428572,0.7394999999999999,4.597577142857143,44.96000000000001,9.779063755319573,6,3.779063755319573,understaffed
AUH-03,2026-08-16,14,313.1,352.6,390.4,0.15,none,False,Abu Dhabi,industrial_b2b,4.2,4.8,6.5,5,2,313.1,2817.9,46.965,0.7771428571428572,0.7394999999999999,4.597577142857143,46.965,10.215163017539673,7,3.2151630175396733,understaffed
SHJ-01,2026-08-16,14,469.7,528.9,585.6,0.15,none,False,Sharjah,suburban,3.0,3.4,9.0,4,3,469.7,3006.08,50.10133333333333,0.7771428571428572,0.7394999999999999,4.597577142857143,50.10133333333333,10.897333916663351,7,3.897333916663351,understaffed
SHJ-02,2026-08-16,14,361.3,406.8,450.4,0.15,none,False,Sharjah,mixed,3.0,3.0,10.0,2,3,361.3,2167.8,36.13,0.7771428571428572,0.7394999999999999,4.597577142857143,36.13,7.8584869546195755,5,2.8584869546195755,understaffed
AAN-01,2026-08-16,14,228.8,257.6,285.3,0.15,none,False,Al Ain,mixed,3.0,3.0,10.0,2,2,228.8,1372.8000000000002,22.880000000000003,0.7771428571428572,0.7394999999999999,4.597577142857143,22.880000000000003,4.976534224237362,4,0.976534224237362,understaffed
RAK-01,2026-08-16,14,210.8,237.3,262.8,0.15,none,False,Ras Al Khaimah,mixed,3.0,3.0,10.0,2,1,210.8,1264.8000000000002,21.080000000000002,0.7771428571428572,0.7394999999999999,4.597577142857143,21.080000000000002,4.585023664638269,3,1.5850236646382694,understaffed
FUJ-01,2026-08-16,14,180.6,203.4,225.2,0.15,none,False,Fujairah,suburban,3.0,3.4,9.0,2,1,180.6,1155.84,19.264,0.7771428571428572,0.7394999999999999,4.597577142857143,19.264,4.190033011176072,3,1.1900330111760722,understaffed
DXB-01,2026-08-17,15,747.2,841.4,931.6,0.15,none,False,Dubai,urban_dense,2.6,2.0,13.0,5,4,747.2,3437.12,57.285333333333334,0.7771428571428572,0.7394999999999999,4.597577142857143,57.285333333333334,12.459896061196622,9,3.4598960611966216,understaffed
DXB-02,2026-08-17,15,650.8,732.8,811.4,0.15,none,False,Dubai,urban_dense,2.6,2.0,13.0,5,3,650.8,2993.6799999999994,49.89466666666666,0.7771428571428572,0.7394999999999999,4.597577142857143,49.89466666666666,10.852382704264935,8,2.852382704264935,understaffed
DXB-03,2026-08-17,15,494.1,556.4,616.1,0.15,none,False,Dubai,suburban,3.0,3.4,9.0,5,2,494.1,3162.2400000000002,52.704,0.7771428571428572,0.7394999999999999,4.597577142857143,52.704,11.463429185061448,7,4.4634291850614485,understaffed
DXB-04,2026-08-17,15,367.6,413.9,458.3,0.15,none,False,Dubai,industrial_b2b,4.2,4.8,6.5,5,3,367.6,3308.4,55.14,0.7771428571428572,0.7394999999999999,4.597577142857143,55.14,11.993273475718887,8,3.993273475718887,understaffed
AUH-01,2026-08-17,15,578.5,651.4,721.2,0.15,none,False,Abu Dhabi,urban_dense,2.6,2.0,13.0,3,3,578.5,2661.1,44.35166666666667,0.7771428571428572,0.7394999999999999,4.597577142857143,44.35166666666667,9.646747686566174,6,3.646747686566174,understaffed
AUH-02,2026-08-17,15,421.8,475.0,525.9,0.15,none,False,Abu Dhabi,suburban,3.0,3.4,9.0,4,2,421.8,2699.5200000000004,44.992000000000004,0.7771428571428572,0.7394999999999999,4.597577142857143,44.992000000000004,9.786023943045778,6,3.7860239430457785,understaffed
AUH-03,2026-08-17,15,313.4,352.8,390.7,0.15,none,False,Abu Dhabi,industrial_b2b,4.2,4.8,6.5,5,2,313.4,2820.6,47.01,0.7771428571428572,0.7394999999999999,4.597577142857143,47.01,10.22495078152965,7,3.2249507815296496,understaffed
SHJ-01,2026-08-17,15,470.0,529.3,586.0,0.15,none,False,Sharjah,suburban,3.0,3.4,9.0,4,3,470.0,3008.0,50.13333333333333,0.7771428571428572,0.7394999999999999,4.597577142857143,50.13333333333333,10.904294104389557,7,3.9042941043895567,understaffed
SHJ-02,2026-08-17,15,361.6,407.1,450.8,0.15,none,False,Sharjah,mixed,3.0,3.0,10.0,2,3,361.6,2169.6000000000004,36.160000000000004,0.7771428571428572,0.7394999999999999,4.597577142857143,36.160000000000004,7.865012130612894,5,2.865012130612894,understaffed
AAN-01,2026-08-17,15,229.0,257.8,285.5,0.15,none,False,Al Ain,mixed,3.0,3.0,10.0,2,2,229.0,1374.0,22.9,0.7771428571428572,0.7394999999999999,4.597577142857143,22.9,4.980884341566241,4,0.9808843415662407,understaffed
RAK-01,2026-08-17,15,210.9,237.5,263.0,0.15,none,False,Ras Al Khaimah,mixed,3.0,3.0,10.0,2,1,210.9,1265.4,21.09,0.7771428571428572,0.7394999999999999,4.597577142857143,21.09,4.587198723302708,3,1.5871987233027083,understaffed
FUJ-01,2026-08-17,15,180.8,203.6,225.4,0.15,none,False,Fujairah,suburban,3.0,3.4,9.0,2,1,180.8,1157.1200000000001,19.285333333333334,0.7771428571428572,0.7394999999999999,4.597577142857143,19.285333333333334,4.194673136326877,3,1.1946731363268768,understaffed
DXB-01,2026-08-18,16,747.8,842.0,932.3,0.15,none,False,Dubai,urban_dense,2.6,2.0,13.0,5,4,747.8,3439.8799999999997,57.331333333333326,0.7771428571428572,0.7394999999999999,4.597577142857143,57.331333333333326,12.469901331053041,9,3.469901331053041,understaffed
DXB-02,2026-08-18,16,651.3,733.4,812.0,0.15,none,False,Dubai,urban_dense,2.6,2.0,13.0,5,3,651.3,2995.9799999999996,49.93299999999999,0.7771428571428572,0.7394999999999999,4.597577142857143,49.93299999999999,10.860720429145287,8,2.860720429145287,understaffed
DXB-03,2026-08-18,16,494.5,556.8,616.5,0.15,none,False,Dubai,suburban,3.0,3.4,9.0,5,2,494.5,3164.8,52.74666666666667,0.7771428571428572,0.7394999999999999,4.597577142857143,52.74666666666667,11.472709435363056,7,4.472709435363056,understaffed
DXB-04,2026-08-18,16,367.9,414.2,458.6,0.15,none,False,Dubai,industrial_b2b,4.2,4.8,6.5,5,3,367.9,3311.1,55.184999999999995,0.7771428571428572,0.7394999999999999,4.597577142857143,55.184999999999995,12.003061239708863,8,4.003061239708863,understaffed
AUH-01,2026-08-18,16,578.9,651.9,721.8,0.15,none,False,Abu Dhabi,urban_dense,2.6,2.0,13.0,3,3,578.9,2662.9399999999996,44.38233333333333,0.7771428571428572,0.7394999999999999,4.597577142857143,44.38233333333333,9.653417866470454,6,3.6534178664704537,understaffed
AUH-02,2026-08-18,16,422.1,475.3,526.3,0.15,none,False,Abu Dhabi,suburban,3.0,3.4,9.0,4,2,422.1,2701.4400000000005,45.02400000000001,0.7771428571428572,0.7394999999999999,4.597577142857143,45.02400000000001,9.792984130771986,6,3.792984130771986,understaffed
AUH-03,2026-08-18,16,313.6,353.1,391.0,0.15,none,False,Abu Dhabi,industrial_b2b,4.2,4.8,6.5,5,2,313.6,2822.4,47.04,0.7771428571428572,0.7394999999999999,4.597577142857143,47.04,10.231475957522967,7,3.2314759575229672,understaffed
SHJ-01,2026-08-18,16,470.4,529.6,586.4,0.15,none,False,Sharjah,suburban,3.0,3.4,9.0,4,3,470.4,3010.56,50.176,0.7771428571428572,0.7394999999999999,4.597577142857143,50.176,10.913574354691166,7,3.913574354691166,understaffed
SHJ-02,2026-08-18,16,361.8,407.4,451.1,0.15,none,False,Sharjah,mixed,3.0,3.0,10.0,2,3,361.8,2170.8,36.18,0.7771428571428572,0.7394999999999999,4.597577142857143,36.18,7.869362247941773,5,2.8693622479417726,understaffed
AAN-01,2026-08-18,16,229.2,258.0,285.7,0.15,none,False,Al Ain,mixed,3.0,3.0,10.0,2,2,229.2,1375.1999999999998,22.919999999999998,0.7771428571428572,0.7394999999999999,4.597577142857143,22.919999999999998,4.985234458895119,4,0.9852344588951194,understaffed
RAK-01,2026-08-18,16,211.1,237.7,263.1,0.15,none,False,Ras Al Khaimah,mixed,3.0,3.0,10.0,2,1,211.1,1266.6,21.11,0.7771428571428572,0.7394999999999999,4.597577142857143,21.11,4.591548840631587,3,1.591548840631587,understaffed
FUJ-01,2026-08-18,16,180.9,203.7,225.6,0.15,none,False,Fujairah,suburban,3.0,3.4,9.0,2,1,180.9,1157.76,19.296,0.7771428571428572,0.7394999999999999,4.597577142857143,19.296,4.196993198902279,3,1.1969931989022786,understaffed
DXB-01,2026-08-19,17,748.3,842.6,933.0,0.15,none,False,Dubai,urban_dense,2.6,2.0,13.0,5,4,748.3,3442.1799999999994,57.36966666666665,0.7771428571428572,0.7394999999999999,4.597577142857143,57.36966666666665,12.47823905593339,9,3.47823905593339,understaffed
DXB-02,2026-08-19,17,651.8,733.9,812.6,0.15,none,False,Dubai,urban_dense,2.6,2.0,13.0,5,3,651.8,2998.2799999999997,49.97133333333333,0.7771428571428572,0.7394999999999999,4.597577142857143,49.97133333333333,10.869058154025637,8,2.8690581540256375,understaffed
DXB-03,2026-08-19,17,494.9,557.2,617.0,0.15,none,False,Dubai,suburban,3.0,3.4,9.0,5,2,494.9,3167.36,52.78933333333334,0.7771428571428572,0.7394999999999999,4.597577142857143,52.78933333333334,11.481989685664665,7,4.481989685664665,understaffed
DXB-04,2026-08-19,17,368.1,414.5,459.0,0.15,none,False,Dubai,industrial_b2b,4.2,4.8,6.5,5,3,368.1,3312.9,55.215,0.7771428571428572,0.7394999999999999,4.597577142857143,55.215,12.009586415702183,8,4.0095864157021825,understaffed
AUH-01,2026-08-19,17,579.4,652.4,722.3,0.15,none,False,Abu Dhabi,urban_dense,2.6,2.0,13.0,3,3,579.4,2665.24,44.42066666666666,0.7771428571428572,0.7394999999999999,4.597577142857143,44.42066666666666,9.661755591350804,6,3.661755591350804,understaffed
AUH-02,2026-08-19,17,422.5,475.7,526.7,0.15,none,False,Abu Dhabi,suburban,3.0,3.4,9.0,4,2,422.5,2704.0,45.06666666666667,0.7771428571428572,0.7394999999999999,4.597577142857143,45.06666666666667,9.802264381073591,6,3.8022643810735914,understaffed
AUH-03,2026-08-19,17,313.8,353.4,391.3,0.15,none,False,Abu Dhabi,industrial_b2b,4.2,4.8,6.5,5,2,313.8,2824.2000000000003,47.07000000000001,0.7771428571428572,0.7394999999999999,4.597577142857143,47.07000000000001,10.238001133516288,7,3.2380011335162884,understaffed
SHJ-01,2026-08-19,17,470.7,530.0,586.9,0.15,none,False,Sharjah,suburban,3.0,3.4,9.0,4,3,470.7,3012.48,50.208,0.7771428571428572,0.7394999999999999,4.597577142857143,50.208,10.920534542417371,7,3.9205345424173714,understaffed
SHJ-02,2026-08-19,17,362.1,407.7,451.4,0.15,none,False,Sharjah,mixed,3.0,3.0,10.0,2,3,362.1,2172.6000000000004,36.21000000000001,0.7771428571428572,0.7394999999999999,4.597577142857143,36.21000000000001,7.875887423935092,5,2.875887423935092,understaffed
AAN-01,2026-08-19,17,229.3,258.2,285.9,0.15,none,False,Al Ain,mixed,3.0,3.0,10.0,2,2,229.3,1375.8000000000002,22.930000000000003,0.7771428571428572,0.7394999999999999,4.597577142857143,22.930000000000003,4.987409517559559,4,0.9874095175595592,understaffed
RAK-01,2026-08-19,17,211.2,237.8,263.3,0.15,none,False,Ras Al Khaimah,mixed,3.0,3.0,10.0,2,1,211.2,1267.1999999999998,21.119999999999997,0.7771428571428572,0.7394999999999999,4.597577142857143,21.119999999999997,4.593723899296026,3,1.5937238992960259,understaffed
FUJ-01,2026-08-19,17,181.1,203.9,225.7,0.15,none,False,Fujairah,suburban,3.0,3.4,9.0,2,1,181.1,1159.04,19.317333333333334,0.7771428571428572,0.7394999999999999,4.597577142857143,19.317333333333334,4.201633324053083,3,1.2016333240530832,understaffed
DXB-01,2026-08-20,18,748.9,843.3,933.7,0.15,none,False,Dubai,urban_dense,2.6,2.0,13.0,5,4,748.9,3444.9399999999996,57.41566666666666,0.7771428571428572,0.7394999999999999,4.597577142857143,57.41566666666666,12.488244325789813,9,3.488244325789813,understaffed
DXB-02,2026-08-20,18,652.3,734.5,813.2,0.15,none,False,Dubai,urban_dense,2.6,2.0,13.0,5,3,652.3,3000.5799999999995,50.00966666666666,0.7771428571428572,0.7394999999999999,4.597577142857143,50.00966666666666,10.87739587890599,8,2.8773958789059897,understaffed
DXB-03,2026-08-20,18,495.2,557.6,617.4,0.15,none,False,Dubai,suburban,3.0,3.4,9.0,5,2,495.2,3169.28,52.821333333333335,0.7771428571428572,0.7394999999999999,4.597577142857143,52.821333333333335,11.48894987339087,7,4.488949873390871,understaffed
DXB-04,2026-08-20,18,368.4,414.8,459.3,0.15,none,False,Dubai,industrial_b2b,4.2,4.8,6.5,5,3,368.4,3315.6,55.26,0.7771428571428572,0.7394999999999999,4.597577142857143,55.26,12.019374179692159,8,4.019374179692159,understaffed
AUH-01,2026-08-20,18,579.8,652.8,722.9,0.15,none,False,Abu Dhabi,urban_dense,2.6,2.0,13.0,3,3,579.8,2667.0799999999995,44.451333333333324,0.7771428571428572,0.7394999999999999,4.597577142857143,44.451333333333324,9.668425771255084,6,3.668425771255084,understaffed
AUH-02,2026-08-20,18,422.8,476.0,527.1,0.15,none,False,Abu Dhabi,suburban,3.0,3.4,9.0,4,2,422.8,2705.92,45.09866666666667,0.7771428571428572,0.7394999999999999,4.597577142857143,45.09866666666667,9.809224568799797,6,3.809224568799797,understaffed
AUH-03,2026-08-20,18,314.1,353.6,391.5,0.15,none,False,Abu Dhabi,industrial_b2b,4.2,4.8,6.5,5,2,314.1,2826.9,47.115,0.7771428571428572,0.7394999999999999,4.597577142857143,47.115,10.247788897506263,7,3.247788897506263,understaffed
SHJ-01,2026-08-20,18,471.1,530.4,587.3,0.15,none,False,Sharjah,suburban,3.0,3.4,9.0,4,3,471.1,3015.0400000000004,50.250666666666675,0.7771428571428572,0.7394999999999999,4.597577142857143,50.250666666666675,10.929814792718982,7,3.9298147927189824,understaffed
SHJ-02,2026-08-20,18,362.4,408.0,451.8,0.15,none,False,Sharjah,mixed,3.0,3.0,10.0,2,3,362.4,2174.3999999999996,36.239999999999995,0.7771428571428572,0.7394999999999999,4.597577142857143,36.239999999999995,7.882412599928408,5,2.882412599928408,understaffed
AAN-01,2026-08-20,18,229.5,258.4,286.1,0.15,none,False,Al Ain,mixed,3.0,3.0,10.0,2,2,229.5,1377.0,22.95,0.7771428571428572,0.7394999999999999,4.597577142857143,22.95,4.991759634888438,4,0.9917596348884379,understaffed
RAK-01,2026-08-20,18,211.4,238.0,263.5,0.15,none,False,Ras Al Khaimah,mixed,3.0,3.0,10.0,2,1,211.4,1268.4,21.14,0.7771428571428572,0.7394999999999999,4.597577142857143,21.14,4.5980740166249054,3,1.5980740166249054,understaffed
FUJ-01,2026-08-20,18,181.2,204.0,225.9,0.15,none,False,Fujairah,suburban,3.0,3.4,9.0,2,1,181.2,1159.68,19.328,0.7771428571428572,0.7394999999999999,4.597577142857143,19.328,4.203953386628484,3,1.2039533866284842,understaffed
DXB-01,2026-08-21,19,884.4,995.8,1102.6,0.15,none,True,Dubai,urban_dense,2.6,2.0,13.0,5,4,884.4,4068.24,67.804,0.7771428571428572,0.7394999999999999,4.597577142857143,67.804,14.747767768364952,9,5.747767768364952,understaffed
DXB-02,2026-08-21,19,770.2,867.3,960.3,0.15,none,True,Dubai,urban_dense,2.6,2.0,13.0,5,3,770.2,3542.92,59.04866666666667,0.7771428571428572,0.7394999999999999,4.597577142857143,59.04866666666667,12.84343140569277,8,4.843431405692771,understaffed
DXB-03,2026-08-21,19,584.8,658.5,729.1,0.15,none,True,Dubai,suburban,3.0,3.4,9.0,5,2,584.8,3742.72,62.37866666666666,0.7771428571428572,0.7394999999999999,4.597577142857143,62.37866666666666,13.56772594095109,7,6.567725940951091,understaffed
DXB-04,2026-08-21,19,435.0,489.9,542.4,0.15,none,True,Dubai,industrial_b2b,4.2,4.8,6.5,5,3,435.0,3915.0,65.25,0.7771428571428572,0.7394999999999999,4.597577142857143,65.25,14.192257785467127,8,6.1922577854671275,understaffed
AUH-01,2026-08-21,19,684.7,770.9,853.6,0.15,none,True,Abu Dhabi,urban_dense,2.6,2.0,13.0,3,3,684.7,3149.62,52.49366666666666,0.7771428571428572,0.7394999999999999,4.597577142857143,52.49366666666666,11.417680451152737,6,5.417680451152737,understaffed
AUH-02,2026-08-21,19,499.2,562.1,622.4,0.15,none,True,Abu Dhabi,suburban,3.0,3.4,9.0,4,2,499.2,3194.88,53.248000000000005,0.7771428571428572,0.7394999999999999,4.597577142857143,53.248000000000005,11.581752376406952,6,5.581752376406952,understaffed
AUH-03,2026-08-21,19,370.9,417.6,462.4,0.15,none,True,Abu Dhabi,industrial_b2b,4.2,4.8,6.5,5,2,370.9,3338.1,55.635,0.7771428571428572,0.7394999999999999,4.597577142857143,55.635,12.100938879608638,7,5.100938879608638,understaffed
SHJ-01,2026-08-21,19,556.3,626.4,693.6,0.15,none,True,Sharjah,suburban,3.0,3.4,9.0,4,3,556.3,3560.3199999999997,59.33866666666666,0.7771428571428572,0.7394999999999999,4.597577142857143,59.33866666666666,12.90650810696151,7,5.90650810696151,understaffed
SHJ-02,2026-08-21,19,427.9,481.8,533.5,0.15,none,True,Sharjah,mixed,3.0,3.0,10.0,2,3,427.9,2567.3999999999996,42.78999999999999,0.7771428571428572,0.7394999999999999,4.597577142857143,42.78999999999999,9.307076025136219,5,4.307076025136219,understaffed
AAN-01,2026-08-21,19,271.0,305.2,337.9,0.15,none,True,Al Ain,mixed,3.0,3.0,10.0,2,2,271.0,1626.0,27.1,0.7771428571428572,0.7394999999999999,4.597577142857143,27.1,5.894408980630792,4,1.894408980630792,understaffed
RAK-01,2026-08-21,19,249.6,281.1,311.2,0.15,none,True,Ras Al Khaimah,mixed,3.0,3.0,10.0,2,1,249.6,1497.6,24.959999999999997,0.7771428571428572,0.7394999999999999,4.597577142857143,24.959999999999997,5.428946426440758,3,2.428946426440758,understaffed
FUJ-01,2026-08-21,19,214.0,240.9,266.8,0.15,none,True,Fujairah,suburban,3.0,3.4,9.0,2,1,214.0,1369.6000000000001,22.826666666666668,0.7771428571428572,0.7394999999999999,4.597577142857143,22.826666666666668,4.964933911360352,3,1.964933911360352,understaffed
DXB-01,2026-08-22,20,885.0,996.5,1103.4,0.15,none,True,Dubai,urban_dense,2.6,2.0,13.0,5,4,885.0,4070.9999999999995,67.85,0.7771428571428572,0.7394999999999999,4.597577142857143,67.85,14.757773038221371,9,5.757773038221371,understaffed
DXB-02,2026-08-22,20,770.8,867.9,961.0,0.15,none,True,Dubai,urban_dense,2.6,2.0,13.0,5,3,770.8,3545.6799999999994,59.094666666666654,0.7771428571428572,0.7394999999999999,4.597577142857143,59.094666666666654,12.853436675549188,8,4.8534366755491885,understaffed
DXB-03,2026-08-22,20,585.3,659.0,729.7,0.15,none,True,Dubai,suburban,3.0,3.4,9.0,5,2,585.3,3745.92,62.432,0.7771428571428572,0.7394999999999999,4.597577142857143,62.432,13.579326253828103,7,6.579326253828103,understaffed
DXB-04,2026-08-22,20,435.4,490.2,542.8,0.15,none,True,Dubai,industrial_b2b,4.2,4.8,6.5,5,3,435.4,3918.6,65.31,0.7771428571428572,0.7394999999999999,4.597577142857143,65.31,14.205308137453764,8,6.205308137453764,understaffed
AUH-01,2026-08-22,20,685.2,771.5,854.2,0.15,none,True,Abu Dhabi,urban_dense,2.6,2.0,13.0,3,3,685.2,3151.92,52.532000000000004,0.7771428571428572,0.7394999999999999,4.597577142857143,52.532000000000004,11.426018176033091,6,5.426018176033091,understaffed
AUH-02,2026-08-22,20,499.6,562.6,622.9,0.15,none,True,Abu Dhabi,suburban,3.0,3.4,9.0,4,2,499.6,3197.4400000000005,53.290666666666674,0.7771428571428572,0.7394999999999999,4.597577142857143,53.290666666666674,11.59103262670856,6,5.591032626708561,understaffed
AUH-03,2026-08-22,20,371.1,417.9,462.7,0.15,none,True,Abu Dhabi,industrial_b2b,4.2,4.8,6.5,5,2,371.1,3339.9,55.665,0.7771428571428572,0.7394999999999999,4.597577142857143,55.665,12.107464055601955,7,5.107464055601955,understaffed
SHJ-01,2026-08-22,20,556.7,626.8,694.1,0.15,none,True,Sharjah,suburban,3.0,3.4,9.0,4,3,556.7,3562.8800000000006,59.381333333333345,0.7771428571428572,0.7394999999999999,4.597577142857143,59.381333333333345,12.915788357263123,7,5.915788357263123,understaffed
SHJ-02,2026-08-22,20,428.2,482.2,533.9,0.15,none,True,Sharjah,mixed,3.0,3.0,10.0,2,3,428.2,2569.2,42.82,0.7771428571428572,0.7394999999999999,4.597577142857143,42.82,9.313601201129538,5,4.313601201129538,understaffed
AAN-01,2026-08-22,20,271.2,305.4,338.1,0.15,none,True,Al Ain,mixed,3.0,3.0,10.0,2,2,271.2,1627.1999999999998,27.119999999999997,0.7771428571428572,0.7394999999999999,4.597577142857143,27.119999999999997,5.89875909795967,4,1.8987590979596698,understaffed
RAK-01,2026-08-22,20,249.8,281.3,311.4,0.15,none,True,Ras Al Khaimah,mixed,3.0,3.0,10.0,2,1,249.8,1498.8000000000002,24.980000000000004,0.7771428571428572,0.7394999999999999,4.597577142857143,24.980000000000004,5.433296543769638,3,2.4332965437696377,understaffed
FUJ-01,2026-08-22,20,214.1,241.1,267.0,0.15,none,True,Fujairah,suburban,3.0,3.4,9.0,2,1,214.1,1370.24,22.837333333333333,0.7771428571428572,0.7394999999999999,4.597577142857143,22.837333333333333,4.967253973935754,3,1.9672539739357537,understaffed
DXB-01,2026-08-23,21,750.6,854.6,954.3,0.165,none,False,Dubai,urban_dense,2.6,2.0,13.0,5,4,750.6,3452.7599999999998,57.546,0.7771428571428572,0.7394999999999999,4.597577142857143,57.546,12.516592590383008,9,3.5165925903830075,understaffed
DXB-02,2026-08-23,21,653.7,744.3,831.2,0.165,none,False,Dubai,urban_dense,2.6,2.0,13.0,5,3,653.7,3007.02,50.117,0.7771428571428572,0.7394999999999999,4.597577142857143,50.117,10.900741508570972,8,2.900741508570972,understaffed
DXB-03,2026-08-23,21,496.3,565.1,631.1,0.165,none,False,Dubai,suburban,3.0,3.4,9.0,5,2,496.3,3176.32,52.93866666666667,0.7771428571428572,0.7394999999999999,4.597577142857143,52.93866666666667,11.514470561720293,7,4.514470561720293,understaffed
DXB-04,2026-08-23,21,369.2,420.4,469.5,0.165,none,False,Dubai,industrial_b2b,4.2,4.8,6.5,5,3,369.2,3322.7999999999997,55.379999999999995,0.7771428571428572,0.7394999999999999,4.597577142857143,55.379999999999995,12.045474883665431,8,4.045474883665431,understaffed
AUH-01,2026-08-23,21,581.1,661.6,738.8,0.165,none,False,Abu Dhabi,urban_dense,2.6,2.0,13.0,3,3,581.1,2673.06,44.551,0.7771428571428572,0.7394999999999999,4.597577142857143,44.551,9.690103855944,6,3.6901038559440007,understaffed
AUH-02,2026-08-23,21,423.7,482.4,538.7,0.165,none,False,Abu Dhabi,suburban,3.0,3.4,9.0,4,2,423.7,2711.6800000000003,45.19466666666667,0.7771428571428572,0.7394999999999999,4.597577142857143,45.19466666666667,9.830105131978417,6,3.830105131978417,understaffed
AUH-03,2026-08-23,21,314.8,358.4,400.2,0.165,none,False,Abu Dhabi,industrial_b2b,4.2,4.8,6.5,5,2,314.8,2833.2000000000003,47.220000000000006,0.7771428571428572,0.7394999999999999,4.597577142857143,47.220000000000006,10.270627013482878,7,3.270627013482878,understaffed
SHJ-01,2026-08-23,21,472.1,537.6,600.3,0.165,none,False,Sharjah,suburban,3.0,3.4,9.0,4,3,472.1,3021.4400000000005,50.357333333333344,0.7771428571428572,0.7394999999999999,4.597577142857143,50.357333333333344,10.953015418473003,7,3.9530154184730026,understaffed
SHJ-02,2026-08-23,21,363.2,413.5,461.8,0.165,none,False,Sharjah,mixed,3.0,3.0,10.0,2,3,363.2,2179.2,36.32,0.7771428571428572,0.7394999999999999,4.597577142857143,36.32,7.899813069243924,5,2.8998130692439243,understaffed
AAN-01,2026-08-23,21,230.0,261.9,292.4,0.165,none,False,Al Ain,mixed,3.0,3.0,10.0,2,2,230.0,1380.0,23.0,0.7771428571428572,0.7394999999999999,4.597577142857143,23.0,5.002634928210635,4,1.002634928210635,understaffed
RAK-01,2026-08-23,21,211.9,241.2,269.4,0.165,none,False,Ras Al Khaimah,mixed,3.0,3.0,10.0,2,1,211.9,1271.4,21.19,0.7771428571428572,0.7394999999999999,4.597577142857143,21.19,4.608949309947103,3,1.6089493099471026,understaffed
FUJ-01,2026-08-23,21,181.6,206.8,230.9,0.165,none,False,Fujairah,suburban,3.0,3.4,9.0,2,1,181.6,1162.24,19.37066666666667,0.7771428571428572,0.7394999999999999,4.597577142857143,19.37066666666667,4.213233636930093,3,1.2132336369300933,understaffed
DXB-01,2026-08-24,22,751.1,855.2,955.0,0.165,none,False,Dubai,urban_dense,2.6,2.0,13.0,5,4,751.1,3455.06,57.58433333333333,0.7771428571428572,0.7394999999999999,4.597577142857143,57.58433333333333,12.52493031526336,9,3.5249303152633598,understaffed
DXB-02,2026-08-24,22,654.2,744.9,831.8,0.165,none,False,Dubai,urban_dense,2.6,2.0,13.0,5,3,654.2,3009.32,50.15533333333334,0.7771428571428572,0.7394999999999999,4.597577142857143,50.15533333333334,10.909079233451326,8,2.909079233451326,understaffed
DXB-03,2026-08-24,22,496.7,565.6,631.5,0.165,none,False,Dubai,suburban,3.0,3.4,9.0,5,2,496.7,3178.88,52.98133333333333,0.7771428571428572,0.7394999999999999,4.597577142857143,52.98133333333333,11.5237508120219,7,4.5237508120219,understaffed
DXB-04,2026-08-24,22,369.5,420.7,469.8,0.165,none,False,Dubai,industrial_b2b,4.2,4.8,6.5,5,3,369.5,3325.5,55.425,0.7771428571428572,0.7394999999999999,4.597577142857143,55.425,12.05526264765541,8,4.055262647655409,understaffed
AUH-01,2026-08-24,22,581.5,662.1,739.4,0.165,none,False,Abu Dhabi,urban_dense,2.6,2.0,13.0,3,3,581.5,2674.8999999999996,44.58166666666666,0.7771428571428572,0.7394999999999999,4.597577142857143,44.58166666666666,9.69677403584828,6,3.6967740358482803,understaffed
AUH-02,2026-08-24,22,424.0,482.8,539.1,0.165,none,False,Abu Dhabi,suburban,3.0,3.4,9.0,4,2,424.0,2713.6000000000004,45.226666666666674,0.7771428571428572,0.7394999999999999,4.597577142857143,45.226666666666674,9.837065319704623,6,3.8370653197046227,understaffed
AUH-03,2026-08-24,22,315.0,358.6,400.5,0.165,none,False,Abu Dhabi,industrial_b2b,4.2,4.8,6.5,5,2,315.0,2835.0,47.25,0.7771428571428572,0.7394999999999999,4.597577142857143,47.25,10.277152189476196,7,3.2771521894761957,understaffed
SHJ-01,2026-08-24,22,472.5,538.0,600.7,0.165,none,False,Sharjah,suburban,3.0,3.4,9.0,4,3,472.5,3024.0,50.4,0.7771428571428572,0.7394999999999999,4.597577142857143,50.4,10.962295668774608,7,3.9622956687746083,understaffed
SHJ-02,2026-08-24,22,363.4,413.8,462.1,0.165,none,False,Sharjah,mixed,3.0,3.0,10.0,2,3,363.4,2180.3999999999996,36.339999999999996,0.7771428571428572,0.7394999999999999,4.597577142857143,36.339999999999996,7.904163186572802,5,2.904163186572802,understaffed
AAN-01,2026-08-24,22,230.2,262.1,292.7,0.165,none,False,Al Ain,mixed,3.0,3.0,10.0,2,2,230.2,1381.1999999999998,23.019999999999996,0.7771428571428572,0.7394999999999999,4.597577142857143,23.019999999999996,5.006985045539513,4,1.0069850455395128,understaffed
RAK-01,2026-08-24,22,212.0,241.4,269.6,0.165,none,False,Ras Al Khaimah,mixed,3.0,3.0,10.0,2,1,212.0,1272.0,21.2,0.7771428571428572,0.7394999999999999,4.597577142857143,21.2,4.6111243686115415,3,1.6111243686115415,understaffed
FUJ-01,2026-08-24,22,181.7,206.9,231.0,0.165,none,False,Fujairah,suburban,3.0,3.4,9.0,2,1,181.7,1162.8799999999999,19.38133333333333,0.7771428571428572,0.7394999999999999,4.597577142857143,19.38133333333333,4.215553699505494,3,1.2155536995054943,understaffed
DXB-01,2026-08-25,23,751.7,855.9,955.7,0.165,none,False,Dubai,urban_dense,2.6,2.0,13.0,5,4,751.7,3457.82,57.63033333333333,0.7771428571428572,0.7394999999999999,4.597577142857143,57.63033333333333,12.534935585119781,9,3.534935585119781,understaffed
DXB-02,2026-08-25,23,654.7,745.4,832.4,0.165,none,False,Dubai,urban_dense,2.6,2.0,13.0,5,3,654.7,3011.62,50.193666666666665,0.7771428571428572,0.7394999999999999,4.597577142857143,50.193666666666665,10.917416958331675,8,2.9174169583316747,understaffed
DXB-03,2026-08-25,23,497.1,566.0,632.0,0.165,none,False,Dubai,suburban,3.0,3.4,9.0,5,2,497.1,3181.4400000000005,53.02400000000001,0.7771428571428572,0.7394999999999999,4.597577142857143,53.02400000000001,11.533031062323511,7,4.533031062323511,understaffed
DXB-04,2026-08-25,23,369.8,421.0,470.2,0.165,none,False,Dubai,industrial_b2b,4.2,4.8,6.5,5,3,369.8,3328.2000000000003,55.470000000000006,0.7771428571428572,0.7394999999999999,4.597577142857143,55.470000000000006,12.06505041164539,8,4.065050411645389,understaffed
AUH-01,2026-08-25,23,582.0,662.6,739.9,0.165,none,False,Abu Dhabi,urban_dense,2.6,2.0,13.0,3,3,582.0,2677.2,44.62,0.7771428571428572,0.7394999999999999,4.597577142857143,44.62,9.70511176072863,6,3.705111760728631,understaffed
AUH-02,2026-08-25,23,424.3,483.2,539.5,0.165,none,False,Abu Dhabi,suburban,3.0,3.4,9.0,4,2,424.3,2715.5200000000004,45.25866666666668,0.7771428571428572,0.7394999999999999,4.597577142857143,45.25866666666668,9.84402550743083,6,3.84402550743083,understaffed
AUH-03,2026-08-25,23,315.2,358.9,400.8,0.165,none,False,Abu Dhabi,industrial_b2b,4.2,4.8,6.5,5,2,315.2,2836.7999999999997,47.279999999999994,0.7771428571428572,0.7394999999999999,4.597577142857143,47.279999999999994,10.283677365469511,7,3.2836773654695115,understaffed
SHJ-01,2026-08-25,23,472.8,538.4,601.2,0.165,none,False,Sharjah,suburban,3.0,3.4,9.0,4,3,472.8,3025.92,50.432,0.7771428571428572,0.7394999999999999,4.597577142857143,50.432,10.969255856500816,7,3.9692558565008156,understaffed
SHJ-02,2026-08-25,23,363.7,414.1,462.4,0.165,none,False,Sharjah,mixed,3.0,3.0,10.0,2,3,363.7,2182.2,36.37,0.7771428571428572,0.7394999999999999,4.597577142857143,36.37,7.910688362566121,5,2.9106883625661206,understaffed
AAN-01,2026-08-25,23,230.4,262.3,292.9,0.165,none,False,Al Ain,mixed,3.0,3.0,10.0,2,2,230.4,1382.4,23.040000000000003,0.7771428571428572,0.7394999999999999,4.597577142857143,23.040000000000003,5.011335162868393,4,1.0113351628683933,understaffed
RAK-01,2026-08-25,23,212.2,241.6,269.8,0.165,none,False,Ras Al Khaimah,mixed,3.0,3.0,10.0,2,1,212.2,1273.1999999999998,21.219999999999995,0.7771428571428572,0.7394999999999999,4.597577142857143,21.219999999999995,4.615474485940419,3,1.6154744859404193,understaffed
FUJ-01,2026-08-25,23,181.9,207.1,231.2,0.165,none,False,Fujairah,suburban,3.0,3.4,9.0,2,1,181.9,1164.16,19.40266666666667,0.7771428571428572,0.7394999999999999,4.597577142857143,19.40266666666667,4.2201938246563,3,1.2201938246562998,understaffed
DXB-01,2026-08-26,24,752.2,856.5,956.4,0.165,none,False,Dubai,urban_dense,2.6,2.0,13.0,5,4,752.2,3460.12,57.66866666666667,0.7771428571428572,0.7394999999999999,4.597577142857143,57.66866666666667,12.543273310000131,9,3.5432733100001315,understaffed
DXB-02,2026-08-26,24,655.2,746.0,833.0,0.165,none,False,Dubai,urban_dense,2.6,2.0,13.0,5,3,655.2,3013.92,50.232,0.7771428571428572,0.7394999999999999,4.597577142857143,50.232,10.925754683212027,8,2.925754683212027,understaffed
DXB-03,2026-08-26,24,497.5,566.4,632.5,0.165,none,False,Dubai,suburban,3.0,3.4,9.0,5,2,497.5,3184.0,53.06666666666667,0.7771428571428572,0.7394999999999999,4.597577142857143,53.06666666666667,11.542311312625117,7,4.542311312625117,understaffed
DXB-04,2026-08-26,24,370.1,421.3,470.5,0.165,none,False,Dubai,industrial_b2b,4.2,4.8,6.5,5,3,370.1,3330.9,55.515,0.7771428571428572,0.7394999999999999,4.597577142857143,55.515,12.074838175635366,8,4.0748381756353655,understaffed
AUH-01,2026-08-26,24,582.4,663.1,740.5,0.165,none,False,Abu Dhabi,urban_dense,2.6,2.0,13.0,3,3,582.4,2679.0399999999995,44.65066666666666,0.7771428571428572,0.7394999999999999,4.597577142857143,44.65066666666666,9.71178194063291,6,3.7117819406329104,understaffed
AUH-02,2026-08-26,24,424.7,483.5,539.9,0.165,none,False,Abu Dhabi,suburban,3.0,3.4,9.0,4,2,424.7,2718.08,45.30133333333333,0.7771428571428572,0.7394999999999999,4.597577142857143,45.30133333333333,9.853305757732436,6,3.8533057577324357,understaffed
AUH-03,2026-08-26,24,315.5,359.2,401.1,0.165,none,False,Abu Dhabi,industrial_b2b,4.2,4.8,6.5,5,2,315.5,2839.5,47.325,0.7771428571428572,0.7394999999999999,4.597577142857143,47.325,10.293465129459491,7,3.2934651294594914,understaffed
SHJ-01,2026-08-26,24,473.2,538.8,601.6,0.165,none,False,Sharjah,suburban,3.0,3.4,9.0,4,3,473.2,3028.48,50.474666666666664,0.7771428571428572,0.7394999999999999,4.597577142857143,50.474666666666664,10.978536106802421,7,3.978536106802421,understaffed
SHJ-02,2026-08-26,24,364.0,414.4,462.8,0.165,none,False,Sharjah,mixed,3.0,3.0,10.0,2,3,364.0,2184.0,36.4,0.7771428571428572,0.7394999999999999,4.597577142857143,36.4,7.917213538559439,5,2.917213538559439,understaffed
AAN-01,2026-08-26,24,230.5,262.5,293.1,0.165,none,False,Al Ain,mixed,3.0,3.0,10.0,2,2,230.5,1383.0,23.05,0.7771428571428572,0.7394999999999999,4.597577142857143,23.05,5.013510221532832,4,1.0135102215328322,understaffed
RAK-01,2026-08-26,24,212.3,241.8,270.0,0.165,none,False,Ras Al Khaimah,mixed,3.0,3.0,10.0,2,1,212.3,1273.8000000000002,21.230000000000004,0.7771428571428572,0.7394999999999999,4.597577142857143,21.230000000000004,4.617649544604861,3,1.6176495446048609,understaffed
FUJ-01,2026-08-26,24,182.0,207.2,231.4,0.165,none,False,Fujairah,suburban,3.0,3.4,9.0,2,1,182.0,1164.8,19.413333333333334,0.7771428571428572,0.7394999999999999,4.597577142857143,19.413333333333334,4.222513887231701,3,1.2225138872317007,understaffed
DXB-01,2026-08-27,25,752.8,857.1,957.1,0.165,none,False,Dubai,urban_dense,2.6,2.0,13.0,5,4,752.8,3462.8799999999997,57.71466666666666,0.7771428571428572,0.7394999999999999,4.597577142857143,57.71466666666666,12.553278579856551,9,3.553278579856551,understaffed
DXB-02,2026-08-27,25,655.7,746.5,833.6,0.165,none,False,Dubai,urban_dense,2.6,2.0,13.0,5,3,655.7,3016.22,50.27033333333333,0.7771428571428572,0.7394999999999999,4.597577142857143,50.27033333333333,10.934092408092377,8,2.9340924080923774,understaffed
DXB-03,2026-08-27,25,497.8,566.8,632.9,0.165,none,False,Dubai,suburban,3.0,3.4,9.0,5,2,497.8,3185.92,53.09866666666667,0.7771428571428572,0.7394999999999999,4.597577142857143,53.09866666666667,11.549271500351322,7,4.549271500351322,understaffed
DXB-04,2026-08-27,25,370.3,421.7,470.8,0.165,none,False,Dubai,industrial_b2b,4.2,4.8,6.5,5,3,370.3,3332.7000000000003,55.545,0.7771428571428572,0.7394999999999999,4.597577142857143,55.545,12.081363351628683,8,4.081363351628683,understaffed
AUH-01,2026-08-27,25,582.8,663.6,741.0,0.165,none,False,Abu Dhabi,urban_dense,2.6,2.0,13.0,3,3,582.8,2680.8799999999997,44.68133333333333,0.7771428571428572,0.7394999999999999,4.597577142857143,44.68133333333333,9.718452120537192,6,3.718452120537192,understaffed
AUH-02,2026-08-27,25,425.0,483.9,540.3,0.165,none,False,Abu Dhabi,suburban,3.0,3.4,9.0,4,2,425.0,2720.0,45.333333333333336,0.7771428571428572,0.7394999999999999,4.597577142857143,45.333333333333336,9.860265945458643,6,3.860265945458643,understaffed
AUH-03,2026-08-27,25,315.7,359.4,401.4,0.165,none,False,Abu Dhabi,industrial_b2b,4.2,4.8,6.5,5,2,315.7,2841.2999999999997,47.355,0.7771428571428572,0.7394999999999999,4.597577142857143,47.355,10.299990305452809,7,3.299990305452809,understaffed
SHJ-01,2026-08-27,25,473.5,539.2,602.1,0.165,none,False,Sharjah,suburban,3.0,3.4,9.0,4,3,473.5,3030.4,50.50666666666667,0.7771428571428572,0.7394999999999999,4.597577142857143,50.50666666666667,10.985496294528629,7,3.9854962945286285,understaffed
SHJ-02,2026-08-27,25,364.3,414.7,463.1,0.165,none,False,Sharjah,mixed,3.0,3.0,10.0,2,3,364.3,2185.8,36.43,0.7771428571428572,0.7394999999999999,4.597577142857143,36.43,7.923738714552758,5,2.9237387145527576,understaffed
AAN-01,2026-08-27,25,230.7,262.7,293.3,0.165,none,False,Al Ain,mixed,3.0,3.0,10.0,2,2,230.7,1384.1999999999998,23.069999999999997,0.7771428571428572,0.7394999999999999,4.597577142857143,23.069999999999997,5.01786033886171,4,1.01786033886171,understaffed
RAK-01,2026-08-27,25,212.5,241.9,270.2,0.165,none,False,Ras Al Khaimah,mixed,3.0,3.0,10.0,2,1,212.5,1275.0,21.25,0.7771428571428572,0.7394999999999999,4.597577142857143,21.25,4.621999661933739,3,1.6219996619337387,understaffed
FUJ-01,2026-08-27,25,182.1,207.4,231.6,0.165,none,False,Fujairah,suburban,3.0,3.4,9.0,2,1,182.1,1165.44,19.424,0.7771428571428572,0.7394999999999999,4.597577142857143,19.424,4.224833949807103,3,1.2248339498071026,understaffed
DXB-01,2026-08-28,26,889.0,1012.2,1130.3,0.165,none,True,Dubai,urban_dense,2.6,2.0,13.0,5,4,889.0,4089.3999999999996,68.15666666666667,0.7771428571428572,0.7394999999999999,4.597577142857143,68.15666666666667,14.82447483726418,9,5.82447483726418,understaffed
DXB-02,2026-08-28,26,774.3,881.6,984.4,0.165,none,True,Dubai,urban_dense,2.6,2.0,13.0,5,3,774.3,3561.7799999999993,59.362999999999985,0.7771428571428572,0.7394999999999999,4.597577142857143,59.362999999999985,12.911800749711645,8,4.911800749711645,understaffed
DXB-03,2026-08-28,26,587.9,669.3,747.4,0.165,none,True,Dubai,suburban,3.0,3.4,9.0,5,2,587.9,3762.56,62.70933333333333,0.7771428571428572,0.7394999999999999,4.597577142857143,62.70933333333333,13.639647880788555,7,6.639647880788555,understaffed
DXB-04,2026-08-28,26,437.3,497.9,556.0,0.165,none,True,Dubai,industrial_b2b,4.2,4.8,6.5,5,3,437.3,3935.7000000000003,65.595,0.7771428571428572,0.7394999999999999,4.597577142857143,65.595,14.267297309390287,8,6.267297309390287,understaffed
AUH-01,2026-08-28,26,688.2,783.6,875.0,0.165,none,True,Abu Dhabi,urban_dense,2.6,2.0,13.0,3,3,688.2,3165.72,52.76199999999999,0.7771428571428572,0.7394999999999999,4.597577142857143,52.76199999999999,11.476044525315194,6,5.476044525315194,understaffed
AUH-02,2026-08-28,26,501.8,571.4,638.0,0.165,none,True,Abu Dhabi,suburban,3.0,3.4,9.0,4,2,501.8,3211.5200000000004,53.52533333333334,0.7771428571428572,0.7394999999999999,4.597577142857143,53.52533333333334,11.642074003367407,6,5.642074003367407,understaffed
AUH-03,2026-08-28,26,372.8,424.5,474.0,0.165,none,True,Abu Dhabi,industrial_b2b,4.2,4.8,6.5,5,2,372.8,3355.2000000000003,55.92,0.7771428571428572,0.7394999999999999,4.597577142857143,55.92,12.162928051545162,7,5.162928051545162,understaffed
SHJ-01,2026-08-28,26,559.2,636.7,711.0,0.165,none,True,Sharjah,suburban,3.0,3.4,9.0,4,3,559.2,3578.8800000000006,59.64800000000001,0.7771428571428572,0.7394999999999999,4.597577142857143,59.64800000000001,12.973789921648173,7,5.973789921648173,understaffed
SHJ-02,2026-08-28,26,430.1,489.8,546.9,0.165,none,True,Sharjah,mixed,3.0,3.0,10.0,2,3,430.1,2580.6000000000004,43.010000000000005,0.7771428571428572,0.7394999999999999,4.597577142857143,43.010000000000005,9.354927315753889,5,4.354927315753889,understaffed
AAN-01,2026-08-28,26,272.4,310.2,346.4,0.165,none,True,Al Ain,mixed,3.0,3.0,10.0,2,2,272.4,1634.3999999999999,27.24,0.7771428571428572,0.7394999999999999,4.597577142857143,27.24,5.924859801932943,4,1.9248598019329428,understaffed
RAK-01,2026-08-28,26,250.9,285.7,319.0,0.165,none,True,Ras Al Khaimah,mixed,3.0,3.0,10.0,2,1,250.9,1505.4,25.09,0.7771428571428572,0.7394999999999999,4.597577142857143,25.09,5.457222189078471,3,2.457222189078471,understaffed
FUJ-01,2026-08-28,26,215.1,244.9,273.4,0.165,none,True,Fujairah,suburban,3.0,3.4,9.0,2,1,215.1,1376.64,22.944000000000003,0.7771428571428572,0.7394999999999999,4.597577142857143,22.944000000000003,4.990454599689775,3,1.990454599689775,understaffed
DXB-01,2026-08-29,27,889.6,1012.9,1131.1,0.165,none,True,Dubai,urban_dense,2.6,2.0,13.0,5,4,889.6,4092.16,68.20266666666666,0.7771428571428572,0.7394999999999999,4.597577142857143,68.20266666666666,14.8344801071206,9,5.8344801071206,understaffed
DXB-02,2026-08-29,27,774.8,882.2,985.1,0.165,none,True,Dubai,urban_dense,2.6,2.0,13.0,5,3,774.8,3564.0799999999995,59.401333333333326,0.7771428571428572,0.7394999999999999,4.597577142857143,59.401333333333326,12.920138474591997,8,4.920138474591997,understaffed
DXB-03,2026-08-29,27,588.3,669.8,748.0,0.165,none,True,Dubai,suburban,3.0,3.4,9.0,5,2,588.3,3765.12,62.751999999999995,0.7771428571428572,0.7394999999999999,4.597577142857143,62.751999999999995,13.648928131090162,7,6.6489281310901625,understaffed
DXB-04,2026-08-29,27,437.6,498.3,556.4,0.165,none,True,Dubai,industrial_b2b,4.2,4.8,6.5,5,3,437.6,3938.4,65.64,0.7771428571428572,0.7394999999999999,4.597577142857143,65.64,14.277085073380263,8,6.277085073380263,understaffed
AUH-01,2026-08-29,27,688.7,784.2,875.7,0.165,none,True,Abu Dhabi,urban_dense,2.6,2.0,13.0,3,3,688.7,3168.02,52.800333333333334,0.7771428571428572,0.7394999999999999,4.597577142857143,52.800333333333334,11.484382250195548,6,5.484382250195548,understaffed
AUH-02,2026-08-29,27,502.2,571.8,638.5,0.165,none,True,Abu Dhabi,suburban,3.0,3.4,9.0,4,2,502.2,3214.08,53.568,0.7771428571428572,0.7394999999999999,4.597577142857143,53.568,11.651354253669012,6,5.6513542536690125,understaffed
AUH-03,2026-08-29,27,373.1,424.8,474.3,0.165,none,True,Abu Dhabi,industrial_b2b,4.2,4.8,6.5,5,2,373.1,3357.9,55.965,0.7771428571428572,0.7394999999999999,4.597577142857143,55.965,12.172715815535138,7,5.172715815535138,understaffed
SHJ-01,2026-08-29,27,559.6,637.2,711.5,0.165,none,True,Sharjah,suburban,3.0,3.4,9.0,4,3,559.6,3581.4400000000005,59.69066666666667,0.7771428571428572,0.7394999999999999,4.597577142857143,59.69066666666667,12.98307017194978,7,5.98307017194978,understaffed
SHJ-02,2026-08-29,27,430.5,490.1,547.3,0.165,none,True,Sharjah,mixed,3.0,3.0,10.0,2,3,430.5,2583.0,43.05,0.7771428571428572,0.7394999999999999,4.597577142857143,43.05,9.363627550411644,5,4.363627550411644,understaffed
AAN-01,2026-08-29,27,272.6,310.4,346.6,0.165,none,True,Al Ain,mixed,3.0,3.0,10.0,2,2,272.6,1635.6000000000001,27.26,0.7771428571428572,0.7394999999999999,4.597577142857143,27.26,5.929209919261822,4,1.9292099192618224,understaffed
RAK-01,2026-08-29,27,251.1,285.9,319.3,0.165,none,True,Ras Al Khaimah,mixed,3.0,3.0,10.0,2,1,251.1,1506.6,25.11,0.7771428571428572,0.7394999999999999,4.597577142857143,25.11,5.46157230640735,3,2.4615723064073496,understaffed
FUJ-01,2026-08-29,27,215.2,245.1,273.7,0.165,none,True,Fujairah,suburban,3.0,3.4,9.0,2,1,215.2,1377.28,22.954666666666665,0.7771428571428572,0.7394999999999999,4.597577142857143,22.954666666666665,4.992774662265176,3,1.9927746622651759,understaffed
DXB-01,2026-08-30,28,754.5,868.6,977.9,0.18,none,False,Dubai,urban_dense,2.6,2.0,13.0,5,4,754.5,3470.7,57.845,0.7771428571428572,0.7394999999999999,4.597577142857143,57.845,12.581626844449746,9,3.5816268444497457,understaffed
DXB-02,2026-08-30,28,657.1,756.5,851.7,0.18,none,False,Dubai,urban_dense,2.6,2.0,13.0,5,3,657.1,3022.66,50.37766666666666,0.7771428571428572,0.7394999999999999,4.597577142857143,50.37766666666666,10.95743803775736,8,2.9574380377573597,understaffed
DXB-03,2026-08-30,28,498.9,574.4,646.7,0.18,none,False,Dubai,suburban,3.0,3.4,9.0,5,2,498.9,3192.96,53.216,0.7771428571428572,0.7394999999999999,4.597577142857143,53.216,11.574792188680746,7,4.574792188680746,understaffed
DXB-04,2026-08-30,28,371.2,427.3,481.1,0.18,none,False,Dubai,industrial_b2b,4.2,4.8,6.5,5,3,371.2,3340.7999999999997,55.67999999999999,0.7771428571428572,0.7394999999999999,4.597577142857143,55.67999999999999,12.110726643598614,8,4.110726643598614,understaffed
AUH-01,2026-08-30,28,584.1,672.4,757.1,0.18,none,False,Abu Dhabi,urban_dense,2.6,2.0,13.0,3,3,584.1,2686.8599999999997,44.78099999999999,0.7771428571428572,0.7394999999999999,4.597577142857143,44.78099999999999,9.740130205226103,6,3.7401302052261034,understaffed
AUH-02,2026-08-30,28,425.9,490.3,552.0,0.18,none,False,Abu Dhabi,suburban,3.0,3.4,9.0,4,2,425.9,2725.76,45.42933333333334,0.7771428571428572,0.7394999999999999,4.597577142857143,45.42933333333334,9.881146508637261,6,3.8811465086372614,understaffed
AUH-03,2026-08-30,28,316.4,364.2,410.1,0.18,none,False,Abu Dhabi,industrial_b2b,4.2,4.8,6.5,5,2,316.4,2847.6,47.46,0.7771428571428572,0.7394999999999999,4.597577142857143,47.46,10.322828421429422,7,3.3228284214294224,understaffed
SHJ-01,2026-08-30,28,474.6,546.3,615.1,0.18,none,False,Sharjah,suburban,3.0,3.4,9.0,4,3,474.6,3037.4400000000005,50.62400000000001,0.7771428571428572,0.7394999999999999,4.597577142857143,50.62400000000001,11.011016982858052,7,4.011016982858052,understaffed
SHJ-02,2026-08-30,28,365.1,420.3,473.2,0.18,none,False,Sharjah,mixed,3.0,3.0,10.0,2,3,365.1,2190.6000000000004,36.510000000000005,0.7771428571428572,0.7394999999999999,4.597577142857143,36.510000000000005,7.941139183868274,5,2.941139183868274,understaffed
AAN-01,2026-08-30,28,231.2,266.2,299.7,0.18,none,False,Al Ain,mixed,3.0,3.0,10.0,2,2,231.2,1387.1999999999998,23.119999999999997,0.7771428571428572,0.7394999999999999,4.597577142857143,23.119999999999997,5.028735632183907,4,1.0287356321839072,understaffed
RAK-01,2026-08-30,28,213.0,245.2,276.0,0.18,none,False,Ras Al Khaimah,mixed,3.0,3.0,10.0,2,1,213.0,1278.0,21.3,0.7771428571428572,0.7394999999999999,4.597577142857143,21.3,4.632874955255936,3,1.6328749552559358,understaffed
FUJ-01,2026-08-30,28,182.5,210.1,236.6,0.18,none,False,Fujairah,suburban,3.0,3.4,9.0,2,1,182.5,1168.0,19.466666666666665,0.7771428571428572,0.7394999999999999,4.597577142857143,19.466666666666665,4.234114200108711,3,1.2341142001087109,understaffed
DXB-01,2026-08-31,29,755.0,869.2,978.6,0.18,none,False,Dubai,urban_dense,2.6,2.0,13.0,5,4,755.0,3472.9999999999995,57.883333333333326,0.7771428571428572,0.7394999999999999,4.597577142857143,57.883333333333326,12.589964569330096,9,3.589964569330096,understaffed
DXB-02,2026-08-31,29,657.6,757.0,852.3,0.18,none,False,Dubai,urban_dense,2.6,2.0,13.0,5,3,657.6,3024.96,50.416000000000004,0.7771428571428572,0.7394999999999999,4.597577142857143,50.416000000000004,10.965775762637712,8,2.965775762637712,understaffed
DXB-03,2026-08-31,29,499.3,574.8,647.1,0.18,none,False,Dubai,suburban,3.0,3.4,9.0,5,2,499.3,3195.5200000000004,53.25866666666668,0.7771428571428572,0.7394999999999999,4.597577142857143,53.25866666666668,11.584072438982355,7,4.584072438982355,understaffed
DXB-04,2026-08-31,29,371.4,427.6,481.4,0.18,none,False,Dubai,industrial_b2b,4.2,4.8,6.5,5,3,371.4,3342.6,55.71,0.7771428571428572,0.7394999999999999,4.597577142857143,55.71,12.117251819591933,8,4.117251819591933,understaffed
AUH-01,2026-08-31,29,584.5,672.9,757.6,0.18,none,False,Abu Dhabi,urban_dense,2.6,2.0,13.0,3,3,584.5,2688.7,44.81166666666666,0.7771428571428572,0.7394999999999999,4.597577142857143,44.81166666666666,9.746800385130385,6,3.746800385130385,understaffed
AUH-02,2026-08-31,29,426.2,490.7,552.4,0.18,none,False,Abu Dhabi,suburban,3.0,3.4,9.0,4,2,426.2,2727.6800000000003,45.461333333333336,0.7771428571428572,0.7394999999999999,4.597577142857143,45.461333333333336,9.888106696363467,6,3.888106696363467,understaffed
AUH-03,2026-08-31,29,316.6,364.5,410.4,0.18,none,False,Abu Dhabi,industrial_b2b,4.2,4.8,6.5,5,2,316.6,2849.4,47.49,0.7771428571428572,0.7394999999999999,4.597577142857143,47.49,10.329353597422742,7,3.3293535974227417,understaffed
SHJ-01,2026-08-31,29,474.9,546.8,615.6,0.18,none,False,Sharjah,suburban,3.0,3.4,9.0,4,3,474.9,3039.36,50.656,0.7771428571428572,0.7394999999999999,4.597577142857143,50.656,11.017977170584256,7,4.017977170584256,understaffed
SHJ-02,2026-08-31,29,365.3,420.6,473.5,0.18,none,False,Sharjah,mixed,3.0,3.0,10.0,2,3,365.3,2191.8,36.53,0.7771428571428572,0.7394999999999999,4.597577142857143,36.53,7.945489301197152,5,2.945489301197152,understaffed
AAN-01,2026-08-31,29,231.4,266.4,299.9,0.18,none,False,Al Ain,mixed,3.0,3.0,10.0,2,2,231.4,1388.4,23.14,0.7771428571428572,0.7394999999999999,4.597577142857143,23.14,5.033085749512787,4,1.0330857495127868,understaffed
RAK-01,2026-08-31,29,213.1,245.3,276.2,0.18,none,False,Ras Al Khaimah,mixed,3.0,3.0,10.0,2,1,213.1,1278.6,21.31,0.7771428571428572,0.7394999999999999,4.597577142857143,21.31,4.635050013920375,3,1.6350500139203747,understaffed
FUJ-01,2026-08-31,29,182.7,210.3,236.8,0.18,none,False,Fujairah,suburban,3.0,3.4,9.0,2,1,182.7,1169.28,19.488,0.7771428571428572,0.7394999999999999,4.597577142857143,19.488,4.2387543252595155,3,1.2387543252595155,understaffed
DXB-01,2026-09-01,30,755.6,869.8,979.3,0.18,none,False,Dubai,urban_dense,2.6,2.0,13.0,5,4,755.6,3475.7599999999998,57.92933333333333,0.7771428571428572,0.7394999999999999,4.597577142857143,57.92933333333333,12.59996983918652,9,3.599969839186519,understaffed
DXB-02,2026-09-01,30,658.1,757.6,853.0,0.18,none,False,Dubai,urban_dense,2.6,2.0,13.0,5,3,658.1,3027.2599999999998,50.45433333333333,0.7771428571428572,0.7394999999999999,4.597577142857143,50.45433333333333,10.974113487518062,8,2.9741134875180624,understaffed
DXB-03,2026-09-01,30,499.7,575.2,647.6,0.18,none,False,Dubai,suburban,3.0,3.4,9.0,5,2,499.7,3198.08,53.30133333333333,0.7771428571428572,0.7394999999999999,4.597577142857143,53.30133333333333,11.593352689283961,7,4.593352689283961,understaffed
DXB-04,2026-09-01,30,371.7,427.9,481.8,0.18,none,False,Dubai,industrial_b2b,4.2,4.8,6.5,5,3,371.7,3345.2999999999997,55.754999999999995,0.7771428571428572,0.7394999999999999,4.597577142857143,55.754999999999995,12.12703958358191,8,4.12703958358191,understaffed
AUH-01,2026-09-01,30,585.0,673.4,758.2,0.18,none,False,Abu Dhabi,urban_dense,2.6,2.0,13.0,3,3,585.0,2691.0,44.85,0.7771428571428572,0.7394999999999999,4.597577142857143,44.85,9.755138110010739,6,3.755138110010739,understaffed
AUH-02,2026-09-01,30,426.5,491.0,552.8,0.18,none,False,Abu Dhabi,suburban,3.0,3.4,9.0,4,2,426.5,2729.6000000000004,45.49333333333334,0.7771428571428572,0.7394999999999999,4.597577142857143,45.49333333333334,9.895066884089674,6,3.8950668840896743,understaffed
AUH-03,2026-09-01,30,316.9,364.8,410.7,0.18,none,False,Abu Dhabi,industrial_b2b,4.2,4.8,6.5,5,2,316.9,2852.1,47.535,0.7771428571428572,0.7394999999999999,4.597577142857143,47.535,10.339141361412718,7,3.339141361412718,understaffed
SHJ-01,2026-09-01,30,475.3,547.2,616.0,0.18,none,False,Sharjah,suburban,3.0,3.4,9.0,4,3,475.3,3041.92,50.69866666666667,0.7771428571428572,0.7394999999999999,4.597577142857143,50.69866666666667,11.027257420885865,7,4.027257420885865,understaffed
SHJ-02,2026-09-01,30,365.6,420.9,473.9,0.18,none,False,Sharjah,mixed,3.0,3.0,10.0,2,3,365.6,2193.6000000000004,36.56000000000001,0.7771428571428572,0.7394999999999999,4.597577142857143,36.56000000000001,7.952014477190472,5,2.952014477190472,understaffed
AAN-01,2026-09-01,30,231.6,266.6,300.1,0.18,none,False,Al Ain,mixed,3.0,3.0,10.0,2,2,231.6,1389.6,23.16,0.7771428571428572,0.7394999999999999,4.597577142857143,23.16,5.037435866841665,4,1.0374358668416654,understaffed
RAK-01,2026-09-01,30,213.3,245.5,276.4,0.18,none,False,Ras Al Khaimah,mixed,3.0,3.0,10.0,2,1,213.3,1279.8000000000002,21.330000000000002,0.7771428571428572,0.7394999999999999,4.597577142857143,21.330000000000002,4.639400131249254,3,1.6394001312492543,understaffed
FUJ-01,2026-09-01,30,182.8,210.4,236.9,0.18,none,False,Fujairah,suburban,3.0,3.4,9.0,2,1,182.8,1169.92,19.49866666666667,0.7771428571428572,0.7394999999999999,4.597577142857143,19.49866666666667,4.241074387834917,3,1.2410743878349173,understaffed
DXB-01,2026-09-02,31,756.2,870.5,980.0,0.18,none,False,Dubai,urban_dense,2.6,2.0,13.0,5,4,756.2,3478.52,57.97533333333333,0.7771428571428572,0.7394999999999999,4.597577142857143,57.97533333333333,12.60997510904294,9,3.6099751090429404,understaffed
DXB-02,2026-09-02,31,658.6,758.2,853.6,0.18,none,False,Dubai,urban_dense,2.6,2.0,13.0,5,3,658.6,3029.56,50.492666666666665,0.7771428571428572,0.7394999999999999,4.597577142857143,50.492666666666665,10.982451212398413,8,2.982451212398413,understaffed
DXB-03,2026-09-02,31,500.0,575.6,648.1,0.18,none,False,Dubai,suburban,3.0,3.4,9.0,5,2,500.0,3200.0,53.333333333333336,0.7771428571428572,0.7394999999999999,4.597577142857143,53.333333333333336,11.600312877010168,7,4.600312877010168,understaffed
DXB-04,2026-09-02,31,372.0,428.2,482.1,0.18,none,False,Dubai,industrial_b2b,4.2,4.8,6.5,5,3,372.0,3348.0,55.8,0.7771428571428572,0.7394999999999999,4.597577142857143,55.8,12.136827347571888,8,4.136827347571888,understaffed
AUH-01,2026-09-02,31,585.4,673.9,758.7,0.18,none,False,Abu Dhabi,urban_dense,2.6,2.0,13.0,3,3,585.4,2692.8399999999997,44.88066666666666,0.7771428571428572,0.7394999999999999,4.597577142857143,44.88066666666666,9.761808289915018,6,3.7618082899150185,understaffed
AUH-02,2026-09-02,31,426.9,491.4,553.3,0.18,none,False,Abu Dhabi,suburban,3.0,3.4,9.0,4,2,426.9,2732.16,45.535999999999994,0.7771428571428572,0.7394999999999999,4.597577142857143,45.535999999999994,9.90434713439128,6,3.90434713439128,understaffed
AUH-03,2026-09-02,31,317.1,365.0,411.0,0.18,none,False,Abu Dhabi,industrial_b2b,4.2,4.8,6.5,5,2,317.1,2853.9,47.565000000000005,0.7771428571428572,0.7394999999999999,4.597577142857143,47.565000000000005,10.345666537406037,7,3.3456665374060375,understaffed
SHJ-01,2026-09-02,31,475.6,547.6,616.5,0.18,none,False,Sharjah,suburban,3.0,3.4,9.0,4,3,475.6,3043.84,50.73066666666667,0.7771428571428572,0.7394999999999999,4.597577142857143,50.73066666666667,11.034217608612073,7,4.034217608612073,understaffed
SHJ-02,2026-09-02,31,365.9,421.2,474.2,0.18,none,False,Sharjah,mixed,3.0,3.0,10.0,2,3,365.9,2195.3999999999996,36.589999999999996,0.7771428571428572,0.7394999999999999,4.597577142857143,36.589999999999996,7.958539653183787,5,2.958539653183787,understaffed
AAN-01,2026-09-02,31,231.7,266.8,300.3,0.18,none,False,Al Ain,mixed,3.0,3.0,10.0,2,2,231.7,1390.1999999999998,23.169999999999998,0.7771428571428572,0.7394999999999999,4.597577142857143,23.169999999999998,5.039610925506104,4,1.0396109255061043,understaffed
RAK-01,2026-09-02,31,213.4,245.7,276.6,0.18,none,False,Ras Al Khaimah,mixed,3.0,3.0,10.0,2,1,213.4,1280.4,21.34,0.7771428571428572,0.7394999999999999,4.597577142857143,21.34,4.641575189913693,3,1.6415751899136932,understaffed
FUJ-01,2026-09-02,31,182.9,210.6,237.1,0.18,none,False,Fujairah,suburban,3.0,3.4,9.0,2,1,182.9,1170.5600000000002,19.509333333333338,0.7771428571428572,0.7394999999999999,4.597577142857143,19.509333333333338,4.24339445041032,3,1.24339445041032,understaffed
DXB-01,2026-09-03,32,756.7,871.1,980.8,0.18,none,False,Dubai,urban_dense,2.6,2.0,13.0,5,4,756.7,3480.82,58.01366666666667,0.7771428571428572,0.7394999999999999,4.597577142857143,58.01366666666667,12.618312833923293,9,3.6183128339232926,understaffed
DXB-02,2026-09-03,32,659.1,758.7,854.2,0.18,none,False,Dubai,urban_dense,2.6,2.0,13.0,5,3,659.1,3031.8599999999997,50.53099999999999,0.7771428571428572,0.7394999999999999,4.597577142857143,50.53099999999999,10.990788937278763,8,2.9907889372787633,understaffed
DXB-03,2026-09-03,32,500.4,576.1,648.6,0.18,none,False,Dubai,suburban,3.0,3.4,9.0,5,2,500.4,3202.56,53.376,0.7771428571428572,0.7394999999999999,4.597577142857143,53.376,11.609593127311776,7,4.609593127311776,understaffed
DXB-04,2026-09-03,32,372.3,428.5,482.5,0.18,none,False,Dubai,industrial_b2b,4.2,4.8,6.5,5,3,372.3,3350.7000000000003,55.845000000000006,0.7771428571428572,0.7394999999999999,4.597577142857143,55.845000000000006,12.146615111561866,8,4.146615111561866,understaffed
AUH-01,2026-09-03,32,585.8,674.4,759.3,0.18,none,False,Abu Dhabi,urban_dense,2.6,2.0,13.0,3,3,585.8,2694.6799999999994,44.911333333333324,0.7771428571428572,0.7394999999999999,4.597577142857143,44.911333333333324,9.768478469819298,6,3.768478469819298,understaffed
AUH-02,2026-09-03,32,427.2,491.8,553.7,0.18,none,False,Abu Dhabi,suburban,3.0,3.4,9.0,4,2,427.2,2734.08,45.568,0.7771428571428572,0.7394999999999999,4.597577142857143,45.568,9.911307322117487,6,3.911307322117487,understaffed
AUH-03,2026-09-03,32,317.3,365.3,411.3,0.18,none,False,Abu Dhabi,industrial_b2b,4.2,4.8,6.5,5,2,317.3,2855.7000000000003,47.595000000000006,0.7771428571428572,0.7394999999999999,4.597577142857143,47.595000000000006,10.352191713399357,7,3.352191713399357,understaffed
SHJ-01,2026-09-03,32,476.0,548.0,616.9,0.18,none,False,Sharjah,suburban,3.0,3.4,9.0,4,3,476.0,3046.4,50.77333333333333,0.7771428571428572,0.7394999999999999,4.597577142857143,50.77333333333333,11.04349785891368,7,4.04349785891368,understaffed
SHJ-02,2026-09-03,32,366.1,421.5,474.6,0.18,none,False,Sharjah,mixed,3.0,3.0,10.0,2,3,366.1,2196.6000000000004,36.61000000000001,0.7771428571428572,0.7394999999999999,4.597577142857143,36.61000000000001,7.962889770512668,5,2.9628897705126684,understaffed
AAN-01,2026-09-03,32,231.9,267.0,300.6,0.18,none,False,Al Ain,mixed,3.0,3.0,10.0,2,2,231.9,1391.4,23.19,0.7771428571428572,0.7394999999999999,4.597577142857143,23.19,5.043961042834984,4,1.043961042834984,understaffed
RAK-01,2026-09-03,32,213.6,245.9,276.8,0.18,none,False,Ras Al Khaimah,mixed,3.0,3.0,10.0,2,1,213.6,1281.6,21.36,0.7771428571428572,0.7394999999999999,4.597577142857143,21.36,4.645925307242572,3,1.645925307242572,understaffed
FUJ-01,2026-09-03,32,183.1,210.8,237.3,0.18,none,False,Fujairah,suburban,3.0,3.4,9.0,2,1,183.1,1171.84,19.530666666666665,0.7771428571428572,0.7394999999999999,4.597577142857143,19.530666666666665,4.248034575561123,3,1.2480345755611228,understaffed
DXB-01,2026-09-04,33,893.6,1028.7,1158.2,0.18,none,True,Dubai,urban_dense,2.6,2.0,13.0,5,4,893.6,4110.5599999999995,68.50933333333333,0.7771428571428572,0.7394999999999999,4.597577142857143,68.50933333333333,14.90118190616341,9,5.90118190616341,understaffed
DXB-02,2026-09-04,33,778.3,896.0,1008.7,0.18,none,True,Dubai,urban_dense,2.6,2.0,13.0,5,3,778.3,3580.1799999999994,59.66966666666666,0.7771428571428572,0.7394999999999999,4.597577142857143,59.66966666666666,12.978502548754454,8,4.978502548754454,understaffed
DXB-03,2026-09-04,33,590.9,680.3,765.9,0.18,none,True,Dubai,suburban,3.0,3.4,9.0,5,2,590.9,3781.76,63.029333333333334,0.7771428571428572,0.7394999999999999,4.597577142857143,63.029333333333334,13.709249758050616,7,6.709249758050616,understaffed
DXB-04,2026-09-04,33,439.6,506.0,569.7,0.18,none,True,Dubai,industrial_b2b,4.2,4.8,6.5,5,3,439.6,3956.4,65.94,0.7771428571428572,0.7394999999999999,4.597577142857143,65.94,14.342336833313446,8,6.342336833313446,understaffed
AUH-01,2026-09-04,33,691.8,796.4,896.6,0.18,none,True,Abu Dhabi,urban_dense,2.6,2.0,13.0,3,3,691.8,3182.2799999999997,53.038,0.7771428571428572,0.7394999999999999,4.597577142857143,53.038,11.536076144453723,6,5.536076144453723,understaffed
AUH-02,2026-09-04,33,504.4,580.7,653.8,0.18,none,True,Abu Dhabi,suburban,3.0,3.4,9.0,4,2,504.4,3228.16,53.80266666666667,0.7771428571428572,0.7394999999999999,4.597577142857143,53.80266666666667,11.702395630327857,6,5.702395630327857,understaffed
AUH-03,2026-09-04,33,374.7,431.4,485.7,0.18,none,True,Abu Dhabi,industrial_b2b,4.2,4.8,6.5,5,2,374.7,3372.2999999999997,56.205,0.7771428571428572,0.7394999999999999,4.597577142857143,56.205,12.224917223481683,7,5.2249172234816825,understaffed
SHJ-01,2026-09-04,33,562.1,647.1,728.5,0.18,none,True,Sharjah,suburban,3.0,3.4,9.0,4,3,562.1,3597.4400000000005,59.957333333333345,0.7771428571428572,0.7394999999999999,4.597577142857143,59.957333333333345,13.041071736334834,7,6.041071736334834,understaffed
SHJ-02,2026-09-04,33,432.4,497.8,560.4,0.18,none,True,Sharjah,mixed,3.0,3.0,10.0,2,3,432.4,2594.3999999999996,43.239999999999995,0.7771428571428572,0.7394999999999999,4.597577142857143,43.239999999999995,9.404953665035992,5,4.4049536650359915,understaffed
AAN-01,2026-09-04,33,273.8,315.2,354.9,0.18,none,True,Al Ain,mixed,3.0,3.0,10.0,2,2,273.8,1642.8000000000002,27.380000000000003,0.7771428571428572,0.7394999999999999,4.597577142857143,27.380000000000003,5.955310623235095,4,1.9553106232350954,understaffed
RAK-01,2026-09-04,33,252.2,290.4,326.9,0.18,none,True,Ras Al Khaimah,mixed,3.0,3.0,10.0,2,1,252.2,1513.1999999999998,25.219999999999995,0.7771428571428572,0.7394999999999999,4.597577142857143,25.219999999999995,5.485497951716182,3,2.485497951716182,understaffed
FUJ-01,2026-09-04,33,216.2,248.9,280.2,0.18,none,True,Fujairah,suburban,3.0,3.4,9.0,2,1,216.2,1383.68,23.061333333333334,0.7771428571428572,0.7394999999999999,4.597577142857143,23.061333333333334,5.015975288019196,3,2.015975288019196,understaffed
DXB-01,2026-09-05,34,894.2,1029.4,1159.0,0.18,none,True,Dubai,urban_dense,2.6,2.0,13.0,5,4,894.2,4113.32,68.55533333333332,0.7771428571428572,0.7394999999999999,4.597577142857143,68.55533333333332,14.91118717601983,9,5.91118717601983,understaffed
DXB-02,2026-09-05,34,778.8,896.6,1009.5,0.18,none,True,Dubai,urban_dense,2.6,2.0,13.0,5,3,778.8,3582.4799999999996,59.70799999999999,0.7771428571428572,0.7394999999999999,4.597577142857143,59.70799999999999,12.986840273634806,8,4.986840273634806,understaffed
DXB-03,2026-09-05,34,591.3,680.8,766.4,0.18,none,True,Dubai,suburban,3.0,3.4,9.0,5,2,591.3,3784.3199999999997,63.071999999999996,0.7771428571428572,0.7394999999999999,4.597577142857143,63.071999999999996,13.718530008352223,7,6.718530008352223,understaffed
DXB-04,2026-09-05,34,439.9,506.4,570.2,0.18,none,True,Dubai,industrial_b2b,4.2,4.8,6.5,5,3,439.9,3959.1,65.985,0.7771428571428572,0.7394999999999999,4.597577142857143,65.985,14.352124597303423,8,6.352124597303423,understaffed
AUH-01,2026-09-05,34,692.3,797.0,897.3,0.18,none,True,Abu Dhabi,urban_dense,2.6,2.0,13.0,3,3,692.3,3184.5799999999995,53.076333333333324,0.7771428571428572,0.7394999999999999,4.597577142857143,53.076333333333324,11.544413869334072,6,5.544413869334072,understaffed
AUH-02,2026-09-05,34,504.8,581.1,654.3,0.18,none,True,Abu Dhabi,suburban,3.0,3.4,9.0,4,2,504.8,3230.7200000000003,53.845333333333336,0.7771428571428572,0.7394999999999999,4.597577142857143,53.845333333333336,11.711675880629466,6,5.711675880629466,understaffed
AUH-03,2026-09-05,34,375.0,431.7,486.0,0.18,none,True,Abu Dhabi,industrial_b2b,4.2,4.8,6.5,5,2,375.0,3375.0,56.25,0.7771428571428572,0.7394999999999999,4.597577142857143,56.25,12.23470498747166,7,5.234704987471661,understaffed
SHJ-01,2026-09-05,34,562.5,647.6,729.1,0.18,none,True,Sharjah,suburban,3.0,3.4,9.0,4,3,562.5,3600.0,60.0,0.7771428571428572,0.7394999999999999,4.597577142857143,60.0,13.05035198663644,7,6.050351986636439,understaffed
SHJ-02,2026-09-05,34,432.7,498.1,560.8,0.18,none,True,Sharjah,mixed,3.0,3.0,10.0,2,3,432.7,2596.2,43.269999999999996,0.7771428571428572,0.7394999999999999,4.597577142857143,43.269999999999996,9.41147884102931,5,4.411478841029311,understaffed
AAN-01,2026-09-05,34,274.0,315.5,355.2,0.18,none,True,Al Ain,mixed,3.0,3.0,10.0,2,2,274.0,1644.0,27.4,0.7771428571428572,0.7394999999999999,4.597577142857143,27.4,5.959660740563973,4,1.9596607405639732,understaffed
RAK-01,2026-09-05,34,252.4,290.6,327.1,0.18,none,True,Ras Al Khaimah,mixed,3.0,3.0,10.0,2,1,252.4,1514.4,25.240000000000002,0.7771428571428572,0.7394999999999999,4.597577142857143,25.240000000000002,5.489848069045062,3,2.4898480690450624,understaffed
FUJ-01,2026-09-05,34,216.3,249.1,280.4,0.18,none,True,Fujairah,suburban,3.0,3.4,9.0,2,1,216.3,1384.3200000000002,23.072000000000003,0.7771428571428572,0.7394999999999999,4.597577142857143,23.072000000000003,5.018295350594599,3,2.018295350594599,understaffed
DXB-01,2026-09-06,35,758.4,882.6,1001.7,0.195,none,False,Dubai,urban_dense,2.6,2.0,13.0,5,4,758.4,3488.6399999999994,58.14399999999999,0.7771428571428572,0.7394999999999999,4.597577142857143,58.14399999999999,12.646661098516482,9,3.646661098516482,understaffed
DXB-02,2026-09-06,35,660.5,768.7,872.4,0.195,none,False,Dubai,urban_dense,2.6,2.0,13.0,5,3,660.5,3038.2999999999997,50.63833333333333,0.7771428571428572,0.7394999999999999,4.597577142857143,50.63833333333333,11.014134566943746,8,3.0141345669437456,understaffed
DXB-03,2026-09-06,35,501.5,583.7,662.4,0.195,none,False,Dubai,suburban,3.0,3.4,9.0,5,2,501.5,3209.6000000000004,53.49333333333334,0.7771428571428572,0.7394999999999999,4.597577142857143,53.49333333333334,11.6351138156412,7,4.6351138156411995,understaffed
DXB-04,2026-09-06,35,373.1,434.2,492.7,0.195,none,False,Dubai,industrial_b2b,4.2,4.8,6.5,5,3,373.1,3357.9,55.965,0.7771428571428572,0.7394999999999999,4.597577142857143,55.965,12.172715815535138,8,4.172715815535138,understaffed
AUH-01,2026-09-06,35,587.1,683.3,775.5,0.195,none,False,Abu Dhabi,urban_dense,2.6,2.0,13.0,3,3,587.1,2700.66,45.010999999999996,0.7771428571428572,0.7394999999999999,4.597577142857143,45.010999999999996,9.790156554508211,6,3.7901565545082114,understaffed
AUH-02,2026-09-06,35,428.1,498.2,565.5,0.195,none,False,Abu Dhabi,suburban,3.0,3.4,9.0,4,2,428.1,2739.84,45.664,0.7771428571428572,0.7394999999999999,4.597577142857143,45.664,9.932187885296106,6,3.9321878852961056,understaffed
AUH-03,2026-09-06,35,318.0,370.1,420.0,0.195,none,False,Abu Dhabi,industrial_b2b,4.2,4.8,6.5,5,2,318.0,2862.0,47.7,0.7771428571428572,0.7394999999999999,4.597577142857143,47.7,10.375029829375968,7,3.3750298293759684,understaffed
SHJ-01,2026-09-06,35,477.0,555.2,630.1,0.195,none,False,Sharjah,suburban,3.0,3.4,9.0,4,3,477.0,3052.8,50.88,0.7771428571428572,0.7394999999999999,4.597577142857143,50.88,11.0666984846677,7,4.0666984846677,understaffed
SHJ-02,2026-09-06,35,367.0,427.1,484.7,0.195,none,False,Sharjah,mixed,3.0,3.0,10.0,2,3,367.0,2202.0,36.7,0.7771428571428572,0.7394999999999999,4.597577142857143,36.7,7.982465298492622,5,2.982465298492622,understaffed
AAN-01,2026-09-06,35,232.4,270.5,307.0,0.195,none,False,Al Ain,mixed,3.0,3.0,10.0,2,2,232.4,1394.4,23.240000000000002,0.7771428571428572,0.7394999999999999,4.597577142857143,23.240000000000002,5.054836336157181,4,1.054836336157181,understaffed
RAK-01,2026-09-06,35,214.1,249.1,282.7,0.195,none,False,Ras Al Khaimah,mixed,3.0,3.0,10.0,2,1,214.1,1284.6,21.41,0.7771428571428572,0.7394999999999999,4.597577142857143,21.41,4.656800600564769,3,1.656800600564769,understaffed
FUJ-01,2026-09-06,35,183.5,213.5,242.3,0.195,none,False,Fujairah,suburban,3.0,3.4,9.0,2,1,183.5,1174.4,19.573333333333334,0.7771428571428572,0.7394999999999999,4.597577142857143,19.573333333333334,4.257314825862732,3,1.257314825862732,understaffed
DXB-01,2026-09-07,36,758.9,883.3,1002.4,0.195,none,False,Dubai,urban_dense,2.6,2.0,13.0,5,4,758.9,3490.9399999999996,58.182333333333325,0.7771428571428572,0.7394999999999999,4.597577142857143,58.182333333333325,12.654998823396834,9,3.6549988233968342,understaffed
DXB-02,2026-09-07,36,661.0,769.3,873.1,0.195,none,False,Dubai,urban_dense,2.6,2.0,13.0,5,3,661.0,3040.6,50.67666666666666,0.7771428571428572,0.7394999999999999,4.597577142857143,50.67666666666666,11.022472291824098,8,3.022472291824098,understaffed
DXB-03,2026-09-07,36,501.9,584.1,662.9,0.195,none,False,Dubai,suburban,3.0,3.4,9.0,5,2,501.9,3212.16,53.535999999999994,0.7771428571428572,0.7394999999999999,4.597577142857143,53.535999999999994,11.644394065942805,7,4.644394065942805,understaffed
DXB-04,2026-09-07,36,373.4,434.5,493.1,0.195,none,False,Dubai,industrial_b2b,4.2,4.8,6.5,5,3,373.4,3360.6,56.01,0.7771428571428572,0.7394999999999999,4.597577142857143,56.01,12.182503579525115,8,4.182503579525115,understaffed
AUH-01,2026-09-07,36,587.6,683.8,776.0,0.195,none,False,Abu Dhabi,urban_dense,2.6,2.0,13.0,3,3,587.6,2702.96,45.04933333333334,0.7771428571428572,0.7394999999999999,4.597577142857143,45.04933333333334,9.798494279388564,6,3.7984942793885637,understaffed
AUH-02,2026-09-07,36,428.4,498.6,565.9,0.195,none,False,Abu Dhabi,suburban,3.0,3.4,9.0,4,2,428.4,2741.76,45.696000000000005,0.7771428571428572,0.7394999999999999,4.597577142857143,45.696000000000005,9.939148073022313,6,3.939148073022313,understaffed
AUH-03,2026-09-07,36,318.3,370.4,420.4,0.195,none,False,Abu Dhabi,industrial_b2b,4.2,4.8,6.5,5,2,318.3,2864.7000000000003,47.745000000000005,0.7771428571428572,0.7394999999999999,4.597577142857143,47.745000000000005,10.384817593365947,7,3.3848175933659466,understaffed
SHJ-01,2026-09-07,36,477.4,555.6,630.5,0.195,none,False,Sharjah,suburban,3.0,3.4,9.0,4,3,477.4,3055.36,50.92266666666667,0.7771428571428572,0.7394999999999999,4.597577142857143,50.92266666666667,11.07597873496931,7,4.0759787349693095,understaffed
SHJ-02,2026-09-07,36,367.2,427.4,485.0,0.195,none,False,Sharjah,mixed,3.0,3.0,10.0,2,3,367.2,2203.2,36.72,0.7771428571428572,0.7394999999999999,4.597577142857143,36.72,7.9868154158215,5,2.9868154158215,understaffed
AAN-01,2026-09-07,36,232.6,270.7,307.2,0.195,none,False,Al Ain,mixed,3.0,3.0,10.0,2,2,232.6,1395.6,23.259999999999998,0.7771428571428572,0.7394999999999999,4.597577142857143,23.259999999999998,5.059186453486059,4,1.0591864534860589,understaffed
RAK-01,2026-09-07,36,214.2,249.3,282.9,0.195,none,False,Ras Al Khaimah,mixed,3.0,3.0,10.0,2,1,214.2,1285.1999999999998,21.419999999999998,0.7771428571428572,0.7394999999999999,4.597577142857143,21.419999999999998,4.658975659229208,3,1.658975659229208,understaffed
FUJ-01,2026-09-07,36,183.6,213.7,242.5,0.195,none,False,Fujairah,suburban,3.0,3.4,9.0,2,1,183.6,1175.04,19.584,0.7771428571428572,0.7394999999999999,4.597577142857143,19.584,4.259634888438134,3,1.2596348884381339,understaffed
DXB-01,2026-09-08,37,759.5,883.9,1003.1,0.195,none,False,Dubai,urban_dense,2.6,2.0,13.0,5,4,759.5,3493.7,58.22833333333333,0.7771428571428572,0.7394999999999999,4.597577142857143,58.22833333333333,12.665004093253257,9,3.6650040932532573,understaffed
DXB-02,2026-09-08,37,661.5,769.9,873.7,0.195,none,False,Dubai,urban_dense,2.6,2.0,13.0,5,3,661.5,3042.8999999999996,50.714999999999996,0.7771428571428572,0.7394999999999999,4.597577142857143,50.714999999999996,11.030810016704448,8,3.0308100167044483,understaffed
DXB-03,2026-09-08,37,502.3,584.5,663.4,0.195,none,False,Dubai,suburban,3.0,3.4,9.0,5,2,502.3,3214.7200000000003,53.57866666666667,0.7771428571428572,0.7394999999999999,4.597577142857143,53.57866666666667,11.653674316244414,7,4.653674316244414,understaffed
DXB-04,2026-09-08,37,373.6,434.8,493.5,0.195,none,False,Dubai,industrial_b2b,4.2,4.8,6.5,5,3,373.6,3362.4,56.04,0.7771428571428572,0.7394999999999999,4.597577142857143,56.04,12.189028755518434,8,4.189028755518434,understaffed
AUH-01,2026-09-08,37,588.0,684.3,776.6,0.195,none,False,Abu Dhabi,urban_dense,2.6,2.0,13.0,3,3,588.0,2704.7999999999997,45.08,0.7771428571428572,0.7394999999999999,4.597577142857143,45.08,9.805164459292843,6,3.8051644592928433,understaffed
AUH-02,2026-09-08,37,428.8,499.0,566.3,0.195,none,False,Abu Dhabi,suburban,3.0,3.4,9.0,4,2,428.8,2744.32,45.73866666666667,0.7771428571428572,0.7394999999999999,4.597577142857143,45.73866666666667,9.94842832332392,6,3.9484283233239204,understaffed
AUH-03,2026-09-08,37,318.5,370.7,420.7,0.195,none,False,Abu Dhabi,industrial_b2b,4.2,4.8,6.5,5,2,318.5,2866.5,47.775,0.7771428571428572,0.7394999999999999,4.597577142857143,47.775,10.391342769359264,7,3.391342769359264,understaffed
SHJ-01,2026-09-08,37,477.8,556.0,631.0,0.195,none,False,Sharjah,suburban,3.0,3.4,9.0,4,3,477.8,3057.92,50.965333333333334,0.7771428571428572,0.7394999999999999,4.597577142857143,50.965333333333334,11.085258985270917,7,4.085258985270917,understaffed
SHJ-02,2026-09-08,37,367.5,427.7,485.4,0.195,none,False,Sharjah,mixed,3.0,3.0,10.0,2,3,367.5,2205.0,36.75,0.7771428571428572,0.7394999999999999,4.597577142857143,36.75,7.993340591814818,5,2.9933405918148184,understaffed
AAN-01,2026-09-08,37,232.8,270.9,307.4,0.195,none,False,Al Ain,mixed,3.0,3.0,10.0,2,2,232.8,1396.8000000000002,23.280000000000005,0.7771428571428572,0.7394999999999999,4.597577142857143,23.280000000000005,5.063536570814939,4,1.0635365708149394,understaffed
RAK-01,2026-09-08,37,214.4,249.5,283.1,0.195,none,False,Ras Al Khaimah,mixed,3.0,3.0,10.0,2,1,214.4,1286.4,21.44,0.7771428571428572,0.7394999999999999,4.597577142857143,21.44,4.6633257765580876,3,1.6633257765580876,understaffed
FUJ-01,2026-09-08,37,183.8,213.8,242.7,0.195,none,False,Fujairah,suburban,3.0,3.4,9.0,2,1,183.8,1176.3200000000002,19.605333333333338,0.7771428571428572,0.7394999999999999,4.597577142857143,19.605333333333338,4.2642750135889385,3,1.2642750135889385,understaffed
DXB-01,2026-09-09,38,760.1,884.6,1003.9,0.195,none,False,Dubai,urban_dense,2.6,2.0,13.0,5,4,760.1,3496.46,58.27433333333333,0.7771428571428572,0.7394999999999999,4.597577142857143,58.27433333333333,12.675009363109679,9,3.6750093631096785,understaffed
DXB-02,2026-09-09,38,662.0,770.4,874.3,0.195,none,False,Dubai,urban_dense,2.6,2.0,13.0,5,3,662.0,3045.2,50.75333333333333,0.7771428571428572,0.7394999999999999,4.597577142857143,50.75333333333333,11.0391477415848,8,3.0391477415848005,understaffed
DXB-03,2026-09-09,38,502.6,584.9,663.8,0.195,none,False,Dubai,suburban,3.0,3.4,9.0,5,2,502.6,3216.6400000000003,53.610666666666674,0.7771428571428572,0.7394999999999999,4.597577142857143,53.610666666666674,11.660634503970622,7,4.660634503970622,understaffed
DXB-04,2026-09-09,38,373.9,435.1,493.8,0.195,none,False,Dubai,industrial_b2b,4.2,4.8,6.5,5,3,373.9,3365.1,56.085,0.7771428571428572,0.7394999999999999,4.597577142857143,56.085,12.19881651950841,8,4.19881651950841,understaffed
AUH-01,2026-09-09,38,588.4,684.8,777.2,0.195,none,False,Abu Dhabi,urban_dense,2.6,2.0,13.0,3,3,588.4,2706.64,45.11066666666667,0.7771428571428572,0.7394999999999999,4.597577142857143,45.11066666666667,9.811834639197125,6,3.8118346391971247,understaffed
AUH-02,2026-09-09,38,429.1,499.3,566.7,0.195,none,False,Abu Dhabi,suburban,3.0,3.4,9.0,4,2,429.1,2746.2400000000002,45.77066666666667,0.7771428571428572,0.7394999999999999,4.597577142857143,45.77066666666667,9.955388511050126,6,3.955388511050126,understaffed
AUH-03,2026-09-09,38,318.7,370.9,421.0,0.195,none,False,Abu Dhabi,industrial_b2b,4.2,4.8,6.5,5,2,318.7,2868.2999999999997,47.80499999999999,0.7771428571428572,0.7394999999999999,4.597577142857143,47.80499999999999,10.39786794535258,7,3.39786794535258,understaffed
SHJ-01,2026-09-09,38,478.1,556.4,631.5,0.195,none,False,Sharjah,suburban,3.0,3.4,9.0,4,3,478.1,3059.84,50.99733333333334,0.7771428571428572,0.7394999999999999,4.597577142857143,50.99733333333334,11.092219172997122,7,4.0922191729971225,understaffed
SHJ-02,2026-09-09,38,367.8,428.0,485.7,0.195,none,False,Sharjah,mixed,3.0,3.0,10.0,2,3,367.8,2206.8,36.78,0.7771428571428572,0.7394999999999999,4.597577142857143,36.78,7.999865767808137,5,2.999865767808137,understaffed
AAN-01,2026-09-09,38,232.9,271.1,307.6,0.195,none,False,Al Ain,mixed,3.0,3.0,10.0,2,2,232.9,1397.4,23.290000000000003,0.7771428571428572,0.7394999999999999,4.597577142857143,23.290000000000003,5.065711629479378,4,1.0657116294793783,understaffed
RAK-01,2026-09-09,38,214.5,249.7,283.3,0.195,none,False,Ras Al Khaimah,mixed,3.0,3.0,10.0,2,1,214.5,1287.0,21.45,0.7771428571428572,0.7394999999999999,4.597577142857143,21.45,4.6655008352225265,3,1.6655008352225265,understaffed
FUJ-01,2026-09-09,38,183.9,214.0,242.9,0.195,none,False,Fujairah,suburban,3.0,3.4,9.0,2,1,183.9,1176.96,19.616,0.7771428571428572,0.7394999999999999,4.597577142857143,19.616,4.266595076164339,3,1.2665950761643394,understaffed
DXB-01,2026-09-10,39,760.6,885.2,1004.6,0.195,none,False,Dubai,urban_dense,2.6,2.0,13.0,5,4,760.6,3498.7599999999998,58.312666666666665,0.7771428571428572,0.7394999999999999,4.597577142857143,58.312666666666665,12.683347087990029,9,3.683347087990029,understaffed
DXB-02,2026-09-10,39,662.5,771.0,875.0,0.195,none,False,Dubai,urban_dense,2.6,2.0,13.0,5,3,662.5,3047.4999999999995,50.79166666666666,0.7771428571428572,0.7394999999999999,4.597577142857143,50.79166666666666,11.04748546646515,8,3.047485466465149,understaffed
DXB-03,2026-09-10,39,503.0,585.4,664.3,0.195,none,False,Dubai,suburban,3.0,3.4,9.0,5,2,503.0,3219.2000000000003,53.653333333333336,0.7771428571428572,0.7394999999999999,4.597577142857143,53.653333333333336,11.669914754272229,7,4.669914754272229,understaffed
DXB-04,2026-09-10,39,374.2,435.5,494.2,0.195,none,False,Dubai,industrial_b2b,4.2,4.8,6.5,5,3,374.2,3367.7999999999997,56.129999999999995,0.7771428571428572,0.7394999999999999,4.597577142857143,56.129999999999995,12.208604283498387,8,4.208604283498387,understaffed
AUH-01,2026-09-10,39,588.9,685.3,777.8,0.195,none,False,Abu Dhabi,urban_dense,2.6,2.0,13.0,3,3,588.9,2708.9399999999996,45.148999999999994,0.7771428571428572,0.7394999999999999,4.597577142857143,45.148999999999994,9.820172364077475,6,3.820172364077475,understaffed
AUH-02,2026-09-10,39,429.4,499.7,567.1,0.195,none,False,Abu Dhabi,suburban,3.0,3.4,9.0,4,2,429.4,2748.16,45.80266666666667,0.7771428571428572,0.7394999999999999,4.597577142857143,45.80266666666667,9.962348698776331,6,3.9623486987763314,understaffed
AUH-03,2026-09-10,39,319.0,371.2,421.3,0.195,none,False,Abu Dhabi,industrial_b2b,4.2,4.8,6.5,5,2,319.0,2871.0,47.85,0.7771428571428572,0.7394999999999999,4.597577142857143,47.85,10.40765570934256,7,3.40765570934256,understaffed
SHJ-01,2026-09-10,39,478.5,556.8,631.9,0.195,none,False,Sharjah,suburban,3.0,3.4,9.0,4,3,478.5,3062.4,51.04,0.7771428571428572,0.7394999999999999,4.597577142857143,51.04,11.10149942329873,7,4.10149942329873,understaffed
SHJ-02,2026-09-10,39,368.0,428.3,486.1,0.195,none,False,Sharjah,mixed,3.0,3.0,10.0,2,3,368.0,2208.0,36.8,0.7771428571428572,0.7394999999999999,4.597577142857143,36.8,8.004215885137015,5,3.0042158851370147,understaffed
AAN-01,2026-09-10,39,233.1,271.3,307.9,0.195,none,False,Al Ain,mixed,3.0,3.0,10.0,2,2,233.1,1398.6,23.31,0.7771428571428572,0.7394999999999999,4.597577142857143,23.31,5.070061746808256,4,1.070061746808256,understaffed
RAK-01,2026-09-10,39,214.7,249.9,283.6,0.195,none,False,Ras Al Khaimah,mixed,3.0,3.0,10.0,2,1,214.7,1288.1999999999998,21.469999999999995,0.7771428571428572,0.7394999999999999,4.597577142857143,21.469999999999995,4.669850952551404,3,1.6698509525514043,understaffed
FUJ-01,2026-09-10,39,184.0,214.2,243.0,0.195,none,False,Fujairah,suburban,3.0,3.4,9.0,2,1,184.0,1177.6000000000001,19.62666666666667,0.7771428571428572,0.7394999999999999,4.597577142857143,19.62666666666667,4.268915138739742,3,1.2689151387397422,understaffed
DXB-01,2026-09-11,40,898.2,1045.3,1186.3,0.195,none,True,Dubai,urban_dense,2.6,2.0,13.0,5,4,898.2,4131.72,68.86200000000001,0.7771428571428572,0.7394999999999999,4.597577142857143,68.86200000000001,14.977888975062642,9,5.977888975062642,understaffed
DXB-02,2026-09-11,40,782.3,910.4,1033.2,0.195,none,True,Dubai,urban_dense,2.6,2.0,13.0,5,3,782.3,3598.5799999999995,59.97633333333332,0.7771428571428572,0.7394999999999999,4.597577142857143,59.97633333333332,13.045204347797263,8,5.045204347797263,understaffed
DXB-03,2026-09-11,40,594.0,691.3,784.5,0.195,none,True,Dubai,suburban,3.0,3.4,9.0,5,2,594.0,3801.6000000000004,63.36000000000001,0.7771428571428572,0.7394999999999999,4.597577142857143,63.36000000000001,13.78117169788808,7,6.78117169788808,understaffed
DXB-04,2026-09-11,40,441.8,514.2,583.6,0.195,none,True,Dubai,industrial_b2b,4.2,4.8,6.5,5,3,441.8,3976.2000000000003,66.27000000000001,0.7771428571428572,0.7394999999999999,4.597577142857143,66.27000000000001,14.414113769239949,8,6.414113769239949,understaffed
AUH-01,2026-09-11,40,695.4,809.3,918.4,0.195,none,True,Abu Dhabi,urban_dense,2.6,2.0,13.0,3,3,695.4,3198.8399999999997,53.31399999999999,0.7771428571428572,0.7394999999999999,4.597577142857143,53.31399999999999,11.596107763592249,6,5.596107763592249,understaffed
AUH-02,2026-09-11,40,507.0,590.1,669.7,0.195,none,True,Abu Dhabi,suburban,3.0,3.4,9.0,4,2,507.0,3244.8,54.080000000000005,0.7771428571428572,0.7394999999999999,4.597577142857143,54.080000000000005,11.762717257288312,6,5.762717257288312,understaffed
AUH-03,2026-09-11,40,376.7,438.4,497.5,0.195,none,True,Abu Dhabi,industrial_b2b,4.2,4.8,6.5,5,2,376.7,3390.2999999999997,56.504999999999995,0.7771428571428572,0.7394999999999999,4.597577142857143,56.504999999999995,12.290168983414866,7,5.2901689834148655,understaffed
SHJ-01,2026-09-11,40,565.0,657.5,746.2,0.195,none,True,Sharjah,suburban,3.0,3.4,9.0,4,3,565.0,3616.0,60.266666666666666,0.7771428571428572,0.7394999999999999,4.597577142857143,60.266666666666666,13.108353551021489,7,6.108353551021489,understaffed
SHJ-02,2026-09-11,40,434.6,505.8,574.0,0.195,none,True,Sharjah,mixed,3.0,3.0,10.0,2,3,434.6,2607.6000000000004,43.46000000000001,0.7771428571428572,0.7394999999999999,4.597577142857143,43.46000000000001,9.452804955653662,5,4.4528049556536615,understaffed
AAN-01,2026-09-11,40,275.3,320.3,363.5,0.195,none,True,Al Ain,mixed,3.0,3.0,10.0,2,2,275.3,1651.8000000000002,27.530000000000005,0.7771428571428572,0.7394999999999999,4.597577142857143,27.530000000000005,5.987936503201687,4,1.987936503201687,understaffed
RAK-01,2026-09-11,40,253.5,295.0,334.8,0.195,none,True,Ras Al Khaimah,mixed,3.0,3.0,10.0,2,1,253.5,1521.0,25.35,0.7771428571428572,0.7394999999999999,4.597577142857143,25.35,5.513773714353896,3,2.5137737143538956,understaffed
FUJ-01,2026-09-11,40,217.3,252.9,287.0,0.195,none,True,Fujairah,suburban,3.0,3.4,9.0,2,1,217.3,1390.7200000000003,23.178666666666672,0.7771428571428572,0.7394999999999999,4.597577142857143,23.178666666666672,5.04149597634862,3,2.04149597634862,understaffed
DXB-01,2026-09-12,41,898.8,1046.1,1187.2,0.195,none,True,Dubai,urban_dense,2.6,2.0,13.0,5,4,898.8,4134.48,68.90799999999999,0.7771428571428572,0.7394999999999999,4.597577142857143,68.90799999999999,14.987894244919058,9,5.987894244919058,understaffed
DXB-02,2026-09-12,41,782.9,911.1,1034.0,0.195,none,True,Dubai,urban_dense,2.6,2.0,13.0,5,3,782.9,3601.3399999999997,60.02233333333333,0.7771428571428572,0.7394999999999999,4.597577142857143,60.02233333333333,13.055209617653686,8,5.055209617653686,understaffed
DXB-03,2026-09-12,41,594.4,691.8,785.1,0.195,none,True,Dubai,suburban,3.0,3.4,9.0,5,2,594.4,3804.16,63.40266666666666,0.7771428571428572,0.7394999999999999,4.597577142857143,63.40266666666666,13.790451948189686,7,6.790451948189686,understaffed
DXB-04,2026-09-12,41,442.2,514.6,584.0,0.195,none,True,Dubai,industrial_b2b,4.2,4.8,6.5,5,3,442.2,3979.7999999999997,66.33,0.7771428571428572,0.7394999999999999,4.597577142857143,66.33,14.427164121226582,8,6.427164121226582,understaffed
AUH-01,2026-09-12,41,695.9,809.9,919.1,0.195,none,True,Abu Dhabi,urban_dense,2.6,2.0,13.0,3,3,695.9,3201.14,53.352333333333334,0.7771428571428572,0.7394999999999999,4.597577142857143,53.352333333333334,11.604445488472603,6,5.604445488472603,understaffed
AUH-02,2026-09-12,41,507.4,590.5,670.2,0.195,none,True,Abu Dhabi,suburban,3.0,3.4,9.0,4,2,507.4,3247.36,54.12266666666667,0.7771428571428572,0.7394999999999999,4.597577142857143,54.12266666666667,11.771997507589917,6,5.7719975075899175,understaffed
AUH-03,2026-09-12,41,376.9,438.7,497.8,0.195,none,True,Abu Dhabi,industrial_b2b,4.2,4.8,6.5,5,2,376.9,3392.1,56.535,0.7771428571428572,0.7394999999999999,4.597577142857143,56.535,12.296694159408183,7,5.296694159408183,understaffed
SHJ-01,2026-09-12,41,565.4,658.0,746.8,0.195,none,True,Sharjah,suburban,3.0,3.4,9.0,4,3,565.4,3618.56,60.309333333333335,0.7771428571428572,0.7394999999999999,4.597577142857143,60.309333333333335,13.117633801323098,7,6.117633801323098,understaffed
SHJ-02,2026-09-12,41,434.9,506.2,574.4,0.195,none,True,Sharjah,mixed,3.0,3.0,10.0,2,3,434.9,2609.3999999999996,43.489999999999995,0.7771428571428572,0.7394999999999999,4.597577142857143,43.489999999999995,9.459330131646977,5,4.459330131646977,understaffed
AAN-01,2026-09-12,41,275.5,320.6,363.8,0.195,none,True,Al Ain,mixed,3.0,3.0,10.0,2,2,275.5,1653.0,27.55,0.7771428571428572,0.7394999999999999,4.597577142857143,27.55,5.992286620530565,4,1.9922866205305647,understaffed
RAK-01,2026-09-12,41,253.7,295.3,335.1,0.195,none,True,Ras Al Khaimah,mixed,3.0,3.0,10.0,2,1,253.7,1522.1999999999998,25.369999999999997,0.7771428571428572,0.7394999999999999,4.597577142857143,25.369999999999997,5.518123831682773,3,2.5181238316827734,understaffed
FUJ-01,2026-09-12,41,217.5,253.1,287.2,0.195,none,True,Fujairah,suburban,3.0,3.4,9.0,2,1,217.5,1392.0,23.2,0.7771428571428572,0.7394999999999999,4.597577142857143,23.2,5.046136101499423,3,2.046136101499423,understaffed
DXB-01,2026-09-13,42,762.3,896.8,1025.6,0.21,none,False,Dubai,urban_dense,2.6,2.0,13.0,5,4,762.3,3506.5799999999995,58.44299999999999,0.7771428571428572,0.7394999999999999,4.597577142857143,58.44299999999999,12.71169535258322,9,3.71169535258322,understaffed
DXB-02,2026-09-13,42,663.9,781.0,893.3,0.21,none,False,Dubai,urban_dense,2.6,2.0,13.0,5,3,663.9,3053.9399999999996,50.898999999999994,0.7771428571428572,0.7394999999999999,4.597577142857143,50.898999999999994,11.070831096130133,8,3.0708310961301333,understaffed
DXB-03,2026-09-13,42,504.1,593.0,678.2,0.21,none,False,Dubai,suburban,3.0,3.4,9.0,5,2,504.1,3226.2400000000002,53.77066666666667,0.7771428571428572,0.7394999999999999,4.597577142857143,53.77066666666667,11.695435442601651,7,4.695435442601651,understaffed
DXB-04,2026-09-13,42,375.0,441.1,504.5,0.21,none,False,Dubai,industrial_b2b,4.2,4.8,6.5,5,3,375.0,3375.0,56.25,0.7771428571428572,0.7394999999999999,4.597577142857143,56.25,12.23470498747166,8,4.234704987471661,understaffed
AUH-01,2026-09-13,42,590.2,694.3,794.0,0.21,none,False,Abu Dhabi,urban_dense,2.6,2.0,13.0,3,3,590.2,2714.92,45.248666666666665,0.7771428571428572,0.7394999999999999,4.597577142857143,45.248666666666665,9.841850448766388,6,3.8418504487663885,understaffed
AUH-02,2026-09-13,42,430.3,506.2,579.0,0.21,none,False,Abu Dhabi,suburban,3.0,3.4,9.0,4,2,430.3,2753.92,45.89866666666667,0.7771428571428572,0.7394999999999999,4.597577142857143,45.89866666666667,9.983229261954952,6,3.9832292619549516,understaffed
AUH-03,2026-09-13,42,319.7,376.1,430.1,0.21,none,False,Abu Dhabi,industrial_b2b,4.2,4.8,6.5,5,2,319.7,2877.2999999999997,47.955,0.7771428571428572,0.7394999999999999,4.597577142857143,47.955,10.430493825319173,7,3.4304938253191732,understaffed
SHJ-01,2026-09-13,42,479.5,564.1,645.2,0.21,none,False,Sharjah,suburban,3.0,3.4,9.0,4,3,479.5,3068.8,51.14666666666667,0.7771428571428572,0.7394999999999999,4.597577142857143,51.14666666666667,11.12470004905275,7,4.12470004905275,understaffed
SHJ-02,2026-09-13,42,368.9,433.9,496.3,0.21,none,False,Sharjah,mixed,3.0,3.0,10.0,2,3,368.9,2213.3999999999996,36.88999999999999,0.7771428571428572,0.7394999999999999,4.597577142857143,36.88999999999999,8.02379141311697,5,3.023791413116969,understaffed
AAN-01,2026-09-13,42,233.6,274.8,314.3,0.21,none,False,Al Ain,mixed,3.0,3.0,10.0,2,2,233.6,1401.6,23.36,0.7771428571428572,0.7394999999999999,4.597577142857143,23.36,5.080937040130453,4,1.0809370401304532,understaffed
RAK-01,2026-09-13,42,215.2,253.1,289.5,0.21,none,False,Ras Al Khaimah,mixed,3.0,3.0,10.0,2,1,215.2,1291.1999999999998,21.519999999999996,0.7771428571428572,0.7394999999999999,4.597577142857143,21.519999999999996,4.680726245873601,3,1.6807262458736014,understaffed
FUJ-01,2026-09-13,42,184.4,217.0,248.1,0.21,none,False,Fujairah,suburban,3.0,3.4,9.0,2,1,184.4,1180.16,19.669333333333334,0.7771428571428572,0.7394999999999999,4.597577142857143,19.669333333333334,4.2781953890413496,3,1.2781953890413496,understaffed
DXB-01,2026-09-14,43,762.8,897.4,1026.4,0.21,none,False,Dubai,urban_dense,2.6,2.0,13.0,5,4,762.8,3508.8799999999997,58.481333333333325,0.7771428571428572,0.7394999999999999,4.597577142857143,58.481333333333325,12.720033077463572,9,3.7200330774635724,understaffed
DXB-02,2026-09-14,43,664.4,781.6,893.9,0.21,none,False,Dubai,urban_dense,2.6,2.0,13.0,5,3,664.4,3056.24,50.93733333333333,0.7771428571428572,0.7394999999999999,4.597577142857143,50.93733333333333,11.079168821010484,8,3.0791688210104837,understaffed
DXB-03,2026-09-14,43,504.5,593.5,678.7,0.21,none,False,Dubai,suburban,3.0,3.4,9.0,5,2,504.5,3228.8,53.81333333333334,0.7771428571428572,0.7394999999999999,4.597577142857143,53.81333333333334,11.70471569290326,7,4.70471569290326,understaffed
DXB-04,2026-09-14,43,375.3,441.5,504.9,0.21,none,False,Dubai,industrial_b2b,4.2,4.8,6.5,5,3,375.3,3377.7000000000003,56.295,0.7771428571428572,0.7394999999999999,4.597577142857143,56.295,12.244492751461639,8,4.244492751461639,understaffed
AUH-01,2026-09-14,43,590.6,694.8,794.6,0.21,none,False,Abu Dhabi,urban_dense,2.6,2.0,13.0,3,3,590.6,2716.7599999999998,45.27933333333333,0.7771428571428572,0.7394999999999999,4.597577142857143,45.27933333333333,9.848520628670668,6,3.848520628670668,understaffed
AUH-02,2026-09-14,43,430.6,506.6,579.4,0.21,none,False,Abu Dhabi,suburban,3.0,3.4,9.0,4,2,430.6,2755.84,45.93066666666667,0.7771428571428572,0.7394999999999999,4.597577142857143,45.93066666666667,9.990189449681157,6,3.990189449681157,understaffed
AUH-03,2026-09-14,43,319.9,376.3,430.4,0.21,none,False,Abu Dhabi,industrial_b2b,4.2,4.8,6.5,5,2,319.9,2879.1,47.985,0.7771428571428572,0.7394999999999999,4.597577142857143,47.985,10.43701900131249,7,3.437019001312491,understaffed
SHJ-01,2026-09-14,43,479.9,564.5,645.6,0.21,none,False,Sharjah,suburban,3.0,3.4,9.0,4,3,479.9,3071.36,51.18933333333334,0.7771428571428572,0.7394999999999999,4.597577142857143,51.18933333333334,11.13398029935436,7,4.133980299354359,understaffed
SHJ-02,2026-09-14,43,369.1,434.2,496.6,0.21,none,False,Sharjah,mixed,3.0,3.0,10.0,2,3,369.1,2214.6000000000004,36.910000000000004,0.7771428571428572,0.7394999999999999,4.597577142857143,36.910000000000004,8.02814153044585,5,3.0281415304458505,understaffed
AAN-01,2026-09-14,43,233.8,275.0,314.5,0.21,none,False,Al Ain,mixed,3.0,3.0,10.0,2,2,233.8,1402.8000000000002,23.380000000000003,0.7771428571428572,0.7394999999999999,4.597577142857143,23.380000000000003,5.085287157459333,4,1.0852871574593328,understaffed
RAK-01,2026-09-14,43,215.3,253.3,289.7,0.21,none,False,Ras Al Khaimah,mixed,3.0,3.0,10.0,2,1,215.3,1291.8000000000002,21.530000000000005,0.7771428571428572,0.7394999999999999,4.597577142857143,21.530000000000005,4.682901304538043,3,1.682901304538043,understaffed
FUJ-01,2026-09-14,43,184.6,217.1,248.3,0.21,none,False,Fujairah,suburban,3.0,3.4,9.0,2,1,184.6,1181.44,19.69066666666667,0.7771428571428572,0.7394999999999999,4.597577142857143,19.69066666666667,4.282835514192154,3,1.2828355141921541,understaffed
DXB-01,2026-09-15,44,763.4,898.1,1027.1,0.21,none,False,Dubai,urban_dense,2.6,2.0,13.0,5,4,763.4,3511.6399999999994,58.527333333333324,0.7771428571428572,0.7394999999999999,4.597577142857143,58.527333333333324,12.730038347319994,9,3.7300383473199936,understaffed
DXB-02,2026-09-15,44,664.9,782.2,894.6,0.21,none,False,Dubai,urban_dense,2.6,2.0,13.0,5,3,664.9,3058.5399999999995,50.97566666666666,0.7771428571428572,0.7394999999999999,4.597577142857143,50.97566666666666,11.087506545890836,8,3.087506545890836,understaffed
DXB-03,2026-09-15,44,504.8,593.9,679.2,0.21,none,False,Dubai,suburban,3.0,3.4,9.0,5,2,504.8,3230.7200000000003,53.845333333333336,0.7771428571428572,0.7394999999999999,4.597577142857143,53.845333333333336,11.711675880629466,7,4.711675880629466,understaffed
DXB-04,2026-09-15,44,375.5,441.8,505.3,0.21,none,False,Dubai,industrial_b2b,4.2,4.8,6.5,5,3,375.5,3379.5,56.325,0.7771428571428572,0.7394999999999999,4.597577142857143,56.325,12.251017927454956,8,4.251017927454956,understaffed
AUH-01,2026-09-15,44,591.0,695.3,795.2,0.21,none,False,Abu Dhabi,urban_dense,2.6,2.0,13.0,3,3,591.0,2718.6,45.309999999999995,0.7771428571428572,0.7394999999999999,4.597577142857143,45.309999999999995,9.85519080857495,6,3.8551908085749496,understaffed
AUH-02,2026-09-15,44,431.0,507.0,579.8,0.21,none,False,Abu Dhabi,suburban,3.0,3.4,9.0,4,2,431.0,2758.4,45.973333333333336,0.7771428571428572,0.7394999999999999,4.597577142857143,45.973333333333336,9.999469699982765,6,3.9994696999827646,understaffed
AUH-03,2026-09-15,44,320.1,376.6,430.7,0.21,none,False,Abu Dhabi,industrial_b2b,4.2,4.8,6.5,5,2,320.1,2880.9,48.015,0.7771428571428572,0.7394999999999999,4.597577142857143,48.015,10.44354417730581,7,3.44354417730581,understaffed
SHJ-01,2026-09-15,44,480.2,564.9,646.1,0.21,none,False,Sharjah,suburban,3.0,3.4,9.0,4,3,480.2,3073.28,51.221333333333334,0.7771428571428572,0.7394999999999999,4.597577142857143,51.221333333333334,11.140940487080565,7,4.140940487080565,understaffed
SHJ-02,2026-09-15,44,369.4,434.6,497.0,0.21,none,False,Sharjah,mixed,3.0,3.0,10.0,2,3,369.4,2216.3999999999996,36.93999999999999,0.7771428571428572,0.7394999999999999,4.597577142857143,36.93999999999999,8.034666706439165,5,3.0346667064391646,understaffed
AAN-01,2026-09-15,44,233.9,275.2,314.8,0.21,none,False,Al Ain,mixed,3.0,3.0,10.0,2,2,233.9,1403.4,23.39,0.7771428571428572,0.7394999999999999,4.597577142857143,23.39,5.087462216123772,4,1.0874622161237717,understaffed
RAK-01,2026-09-15,44,215.5,253.5,289.9,0.21,none,False,Ras Al Khaimah,mixed,3.0,3.0,10.0,2,1,215.5,1293.0,21.55,0.7771428571428572,0.7394999999999999,4.597577142857143,21.55,4.687251421866921,3,1.6872514218669208,understaffed
FUJ-01,2026-09-15,44,184.7,217.3,248.5,0.21,none,False,Fujairah,suburban,3.0,3.4,9.0,2,1,184.7,1182.08,19.70133333333333,0.7771428571428572,0.7394999999999999,4.597577142857143,19.70133333333333,4.285155576767555,3,1.285155576767555,understaffed
DXB-01,2026-09-16,45,764.0,898.7,1027.9,0.21,none,False,Dubai,urban_dense,2.6,2.0,13.0,5,4,764.0,3514.3999999999996,58.57333333333333,0.7771428571428572,0.7394999999999999,4.597577142857143,58.57333333333333,12.740043617176417,9,3.7400436171764166,understaffed
DXB-02,2026-09-16,45,665.4,782.8,895.2,0.21,none,False,Dubai,urban_dense,2.6,2.0,13.0,5,3,665.4,3060.8399999999997,51.013999999999996,0.7771428571428572,0.7394999999999999,4.597577142857143,51.013999999999996,11.095844270771186,8,3.0958442707711864,understaffed
DXB-03,2026-09-16,45,505.2,594.3,679.7,0.21,none,False,Dubai,suburban,3.0,3.4,9.0,5,2,505.2,3233.28,53.888000000000005,0.7771428571428572,0.7394999999999999,4.597577142857143,53.888000000000005,11.720956130931075,7,4.720956130931075,understaffed
DXB-04,2026-09-16,45,375.8,442.1,505.6,0.21,none,False,Dubai,industrial_b2b,4.2,4.8,6.5,5,3,375.8,3382.2000000000003,56.370000000000005,0.7771428571428572,0.7394999999999999,4.597577142857143,56.370000000000005,12.260805691444935,8,4.260805691444935,understaffed
AUH-01,2026-09-16,45,591.5,695.8,795.8,0.21,none,False,Abu Dhabi,urban_dense,2.6,2.0,13.0,3,3,591.5,2720.8999999999996,45.34833333333333,0.7771428571428572,0.7394999999999999,4.597577142857143,45.34833333333333,9.8635285334553,6,3.8635285334553,understaffed
AUH-02,2026-09-16,45,431.3,507.3,580.3,0.21,none,False,Abu Dhabi,suburban,3.0,3.4,9.0,4,2,431.3,2760.32,46.00533333333333,0.7771428571428572,0.7394999999999999,4.597577142857143,46.00533333333333,10.00642988770897,6,4.00642988770897,understaffed
AUH-03,2026-09-16,45,320.4,376.9,431.0,0.21,none,False,Abu Dhabi,industrial_b2b,4.2,4.8,6.5,5,2,320.4,2883.6,48.059999999999995,0.7771428571428572,0.7394999999999999,4.597577142857143,48.059999999999995,10.453331941295787,7,3.4533319412957866,understaffed
SHJ-01,2026-09-16,45,480.6,565.3,646.6,0.21,none,False,Sharjah,suburban,3.0,3.4,9.0,4,3,480.6,3075.84,51.264,0.7771428571428572,0.7394999999999999,4.597577142857143,51.264,11.150220737382174,7,4.150220737382174,understaffed
SHJ-02,2026-09-16,45,369.7,434.9,497.4,0.21,none,False,Sharjah,mixed,3.0,3.0,10.0,2,3,369.7,2218.2,36.97,0.7771428571428572,0.7394999999999999,4.597577142857143,36.97,8.041191882432486,5,3.0411918824324857,understaffed
AAN-01,2026-09-16,45,234.1,275.4,315.0,0.21,none,False,Al Ain,mixed,3.0,3.0,10.0,2,2,234.1,1404.6,23.41,0.7771428571428572,0.7394999999999999,4.597577142857143,23.41,5.09181233345265,4,1.0918123334526504,understaffed
RAK-01,2026-09-16,45,215.6,253.7,290.1,0.21,none,False,Ras Al Khaimah,mixed,3.0,3.0,10.0,2,1,215.6,1293.6,21.56,0.7771428571428572,0.7394999999999999,4.597577142857143,21.56,4.68942648053136,3,1.6894264805313597,understaffed
FUJ-01,2026-09-16,45,184.8,217.4,248.7,0.21,none,False,Fujairah,suburban,3.0,3.4,9.0,2,1,184.8,1182.72,19.712,0.7771428571428572,0.7394999999999999,4.597577142857143,19.712,4.287475639342958,3,1.2874756393429578,understaffed
DXB-01,2026-09-17,46,764.5,899.4,1028.6,0.21,none,False,Dubai,urban_dense,2.6,2.0,13.0,5,4,764.5,3516.7,58.611666666666665,0.7771428571428572,0.7394999999999999,4.597577142857143,58.611666666666665,12.748381342056767,9,3.748381342056767,understaffed
DXB-02,2026-09-17,46,665.9,783.3,895.9,0.21,none,False,Dubai,urban_dense,2.6,2.0,13.0,5,3,665.9,3063.14,51.05233333333333,0.7771428571428572,0.7394999999999999,4.597577142857143,51.05233333333333,11.104181995651539,8,3.1041819956515386,understaffed
DXB-03,2026-09-17,46,505.6,594.8,680.2,0.21,none,False,Dubai,suburban,3.0,3.4,9.0,5,2,505.6,3235.84,53.93066666666667,0.7771428571428572,0.7394999999999999,4.597577142857143,53.93066666666667,11.73023638123268,7,4.730236381232681,understaffed
DXB-04,2026-09-17,46,376.1,442.4,506.0,0.21,none,False,Dubai,industrial_b2b,4.2,4.8,6.5,5,3,376.1,3384.9,56.415,0.7771428571428572,0.7394999999999999,4.597577142857143,56.415,12.270593455434911,8,4.270593455434911,understaffed
AUH-01,2026-09-17,46,591.9,696.3,796.4,0.21,none,False,Abu Dhabi,urban_dense,2.6,2.0,13.0,3,3,591.9,2722.74,45.379,0.7771428571428572,0.7394999999999999,4.597577142857143,45.379,9.870198713359581,6,3.8701987133595814,understaffed
AUH-02,2026-09-17,46,431.6,507.7,580.7,0.21,none,False,Abu Dhabi,suburban,3.0,3.4,9.0,4,2,431.6,2762.2400000000002,46.037333333333336,0.7771428571428572,0.7394999999999999,4.597577142857143,46.037333333333336,10.013390075435177,6,4.0133900754351775,understaffed
AUH-03,2026-09-17,46,320.6,377.2,431.4,0.21,none,False,Abu Dhabi,industrial_b2b,4.2,4.8,6.5,5,2,320.6,2885.4,48.09,0.7771428571428572,0.7394999999999999,4.597577142857143,48.09,10.459857117289106,7,3.459857117289106,understaffed
SHJ-01,2026-09-17,46,480.9,565.7,647.0,0.21,none,False,Sharjah,suburban,3.0,3.4,9.0,4,3,480.9,3077.76,51.29600000000001,0.7771428571428572,0.7394999999999999,4.597577142857143,51.29600000000001,11.157180925108381,7,4.157180925108381,understaffed
SHJ-02,2026-09-17,46,369.9,435.2,497.7,0.21,none,False,Sharjah,mixed,3.0,3.0,10.0,2,3,369.9,2219.3999999999996,36.989999999999995,0.7771428571428572,0.7394999999999999,4.597577142857143,36.989999999999995,8.045541999761364,5,3.0455419997613635,understaffed
AAN-01,2026-09-17,46,234.3,275.6,315.2,0.21,none,False,Al Ain,mixed,3.0,3.0,10.0,2,2,234.3,1405.8000000000002,23.430000000000003,0.7771428571428572,0.7394999999999999,4.597577142857143,23.430000000000003,5.09616245078153,4,1.09616245078153,understaffed
RAK-01,2026-09-17,46,215.8,253.9,290.3,0.21,none,False,Ras Al Khaimah,mixed,3.0,3.0,10.0,2,1,215.8,1294.8000000000002,21.580000000000002,0.7771428571428572,0.7394999999999999,4.597577142857143,21.580000000000002,4.693776597860239,3,1.6937765978602393,understaffed
FUJ-01,2026-09-17,46,185.0,217.6,248.9,0.21,none,False,Fujairah,suburban,3.0,3.4,9.0,2,1,185.0,1184.0,19.733333333333334,0.7771428571428572,0.7394999999999999,4.597577142857143,19.733333333333334,4.292115764493762,3,1.2921157644937624,understaffed
DXB-01,2026-09-18,47,902.8,1062.0,1214.7,0.21,none,True,Dubai,urban_dense,2.6,2.0,13.0,5,4,902.8,4152.879999999999,69.21466666666666,0.7771428571428572,0.7394999999999999,4.597577142857143,69.21466666666666,15.054596043961869,9,6.054596043961869,understaffed
DXB-02,2026-09-18,47,786.3,925.0,1057.9,0.21,none,True,Dubai,urban_dense,2.6,2.0,13.0,5,3,786.3,3616.9799999999996,60.282999999999994,0.7771428571428572,0.7394999999999999,4.597577142857143,60.282999999999994,13.111906146840072,8,5.111906146840072,understaffed
DXB-03,2026-09-18,47,597.0,702.3,803.2,0.21,none,True,Dubai,suburban,3.0,3.4,9.0,5,2,597.0,3820.8,63.68,0.7771428571428572,0.7394999999999999,4.597577142857143,63.68,13.85077357515014,7,6.850773575150139,understaffed
DXB-04,2026-09-18,47,444.1,522.5,597.5,0.21,none,True,Dubai,industrial_b2b,4.2,4.8,6.5,5,3,444.1,3996.9,66.615,0.7771428571428572,0.7394999999999999,4.597577142857143,66.615,14.489153293163104,8,6.489153293163104,understaffed
AUH-01,2026-09-18,47,698.9,822.2,940.4,0.21,none,True,Abu Dhabi,urban_dense,2.6,2.0,13.0,3,3,698.9,3214.9399999999996,53.582333333333324,0.7771428571428572,0.7394999999999999,4.597577142857143,53.582333333333324,11.654471837754707,6,5.654471837754707,understaffed
AUH-02,2026-09-18,47,509.6,599.5,685.7,0.21,none,True,Abu Dhabi,suburban,3.0,3.4,9.0,4,2,509.6,3261.4400000000005,54.357333333333344,0.7771428571428572,0.7394999999999999,4.597577142857143,54.357333333333344,11.823038884248765,6,5.823038884248765,understaffed
AUH-03,2026-09-18,47,378.6,445.4,509.4,0.21,none,True,Abu Dhabi,industrial_b2b,4.2,4.8,6.5,5,2,378.6,3407.4,56.79,0.7771428571428572,0.7394999999999999,4.597577142857143,56.79,12.352158155351388,7,5.352158155351388,understaffed
SHJ-01,2026-09-18,47,567.9,668.1,764.1,0.21,none,True,Sharjah,suburban,3.0,3.4,9.0,4,3,567.9,3634.56,60.576,0.7771428571428572,0.7394999999999999,4.597577142857143,60.576,13.175635365708148,7,6.175635365708148,understaffed
SHJ-02,2026-09-18,47,436.8,513.9,587.7,0.21,none,True,Sharjah,mixed,3.0,3.0,10.0,2,3,436.8,2620.8,43.68,0.7771428571428572,0.7394999999999999,4.597577142857143,43.68,9.500656246271328,5,4.500656246271328,understaffed
AAN-01,2026-09-18,47,276.7,325.5,372.2,0.21,none,True,Al Ain,mixed,3.0,3.0,10.0,2,2,276.7,1660.1999999999998,27.669999999999998,0.7771428571428572,0.7394999999999999,4.597577142857143,27.669999999999998,6.018387324503837,4,2.018387324503837,understaffed
RAK-01,2026-09-18,47,254.8,299.8,342.8,0.21,none,True,Ras Al Khaimah,mixed,3.0,3.0,10.0,2,1,254.8,1528.8000000000002,25.480000000000004,0.7771428571428572,0.7394999999999999,4.597577142857143,25.480000000000004,5.542049476991608,3,2.5420494769916084,understaffed
FUJ-01,2026-09-18,47,218.4,256.9,293.9,0.21,none,True,Fujairah,suburban,3.0,3.4,9.0,2,1,218.4,1397.7600000000002,23.296000000000003,0.7771428571428572,0.7394999999999999,4.597577142857143,23.296000000000003,5.067016664678042,3,2.067016664678042,understaffed
DXB-01,2026-09-19,48,903.5,1062.8,1215.6,0.21,none,True,Dubai,urban_dense,2.6,2.0,13.0,5,4,903.5,4156.099999999999,69.26833333333333,0.7771428571428572,0.7394999999999999,4.597577142857143,69.26833333333333,15.066268858794361,9,6.066268858794361,understaffed
DXB-02,2026-09-19,48,786.9,925.7,1058.7,0.21,none,True,Dubai,urban_dense,2.6,2.0,13.0,5,3,786.9,3619.74,60.32899999999999,0.7771428571428572,0.7394999999999999,4.597577142857143,60.32899999999999,13.121911416696493,8,5.121911416696493,understaffed
DXB-03,2026-09-19,48,597.4,702.8,803.8,0.21,none,True,Dubai,suburban,3.0,3.4,9.0,5,2,597.4,3823.36,63.72266666666667,0.7771428571428572,0.7394999999999999,4.597577142857143,63.72266666666667,13.860053825451748,7,6.8600538254517485,understaffed
DXB-04,2026-09-19,48,444.4,522.8,598.0,0.21,none,True,Dubai,industrial_b2b,4.2,4.8,6.5,5,3,444.4,3999.6,66.66,0.7771428571428572,0.7394999999999999,4.597577142857143,66.66,14.498941057153083,8,6.498941057153083,understaffed
AUH-01,2026-09-19,48,699.4,822.8,941.1,0.21,none,True,Abu Dhabi,urban_dense,2.6,2.0,13.0,3,3,699.4,3217.24,53.620666666666665,0.7771428571428572,0.7394999999999999,4.597577142857143,53.620666666666665,11.66280956263506,6,5.66280956263506,understaffed
AUH-02,2026-09-19,48,510.0,600.0,686.2,0.21,none,True,Abu Dhabi,suburban,3.0,3.4,9.0,4,2,510.0,3264.0,54.4,0.7771428571428572,0.7394999999999999,4.597577142857143,54.4,11.83231913455037,6,5.832319134550371,understaffed
AUH-03,2026-09-19,48,378.9,445.7,509.7,0.21,none,True,Abu Dhabi,industrial_b2b,4.2,4.8,6.5,5,2,378.9,3410.1,56.835,0.7771428571428572,0.7394999999999999,4.597577142857143,56.835,12.361945919341366,7,5.361945919341366,understaffed
SHJ-01,2026-09-19,48,568.3,668.5,764.6,0.21,none,True,Sharjah,suburban,3.0,3.4,9.0,4,3,568.3,3637.12,60.61866666666666,0.7771428571428572,0.7394999999999999,4.597577142857143,60.61866666666666,13.184915616009755,7,6.184915616009755,understaffed
SHJ-02,2026-09-19,48,437.2,514.3,588.2,0.21,none,True,Sharjah,mixed,3.0,3.0,10.0,2,3,437.2,2623.2,43.72,0.7771428571428572,0.7394999999999999,4.597577142857143,43.72,9.509356480929085,5,4.509356480929085,understaffed
AAN-01,2026-09-19,48,276.9,325.7,372.5,0.21,none,True,Al Ain,mixed,3.0,3.0,10.0,2,2,276.9,1661.3999999999999,27.689999999999998,0.7771428571428572,0.7394999999999999,4.597577142857143,27.689999999999998,6.0227374418327155,4,2.0227374418327155,understaffed
RAK-01,2026-09-19,48,255.0,300.0,343.1,0.21,none,True,Ras Al Khaimah,mixed,3.0,3.0,10.0,2,1,255.0,1530.0,25.5,0.7771428571428572,0.7394999999999999,4.597577142857143,25.5,5.546399594320486,3,2.5463995943204862,understaffed
FUJ-01,2026-09-19,48,218.6,257.1,294.1,0.21,none,True,Fujairah,suburban,3.0,3.4,9.0,2,1,218.6,1399.04,23.317333333333334,0.7771428571428572,0.7394999999999999,4.597577142857143,23.317333333333334,5.071656789828845,3,2.071656789828845,understaffed
DXB-01,2026-09-20,49,766.2,911.0,1049.8,0.225,none,False,Dubai,urban_dense,2.6,2.0,13.0,5,4,766.2,3524.52,58.742,0.7771428571428572,0.7394999999999999,4.597577142857143,58.742,12.77672960664996,9,3.77672960664996,understaffed
DXB-02,2026-09-20,49,667.3,793.5,914.3,0.225,none,False,Dubai,urban_dense,2.6,2.0,13.0,5,3,667.3,3069.5799999999995,51.15966666666666,0.7771428571428572,0.7394999999999999,4.597577142857143,51.15966666666666,11.127527625316521,8,3.127527625316521,understaffed
DXB-03,2026-09-20,49,506.7,602.4,694.2,0.225,none,False,Dubai,suburban,3.0,3.4,9.0,5,2,506.7,3242.88,54.048,0.7771428571428572,0.7394999999999999,4.597577142857143,54.048,11.755757069562105,7,4.7557570695621045,understaffed
DXB-04,2026-09-20,49,376.9,448.2,516.4,0.225,none,False,Dubai,industrial_b2b,4.2,4.8,6.5,5,3,376.9,3392.1,56.535,0.7771428571428572,0.7394999999999999,4.597577142857143,56.535,12.296694159408183,8,4.296694159408183,understaffed
AUH-01,2026-09-20,49,593.2,705.3,812.7,0.225,none,False,Abu Dhabi,urban_dense,2.6,2.0,13.0,3,3,593.2,2728.72,45.47866666666666,0.7771428571428572,0.7394999999999999,4.597577142857143,45.47866666666666,9.891876798048495,6,3.8918767980484947,understaffed
AUH-02,2026-09-20,49,432.5,514.3,592.6,0.225,none,False,Abu Dhabi,suburban,3.0,3.4,9.0,4,2,432.5,2768.0,46.13333333333333,0.7771428571428572,0.7394999999999999,4.597577142857143,46.13333333333333,10.034270638613794,6,4.034270638613794,understaffed
AUH-03,2026-09-20,49,321.3,382.0,440.2,0.225,none,False,Abu Dhabi,industrial_b2b,4.2,4.8,6.5,5,2,321.3,2891.7000000000003,48.19500000000001,0.7771428571428572,0.7394999999999999,4.597577142857143,48.19500000000001,10.482695233265721,7,3.482695233265721,understaffed
SHJ-01,2026-09-20,49,482.0,573.1,660.3,0.225,none,False,Sharjah,suburban,3.0,3.4,9.0,4,3,482.0,3084.8,51.413333333333334,0.7771428571428572,0.7394999999999999,4.597577142857143,51.413333333333334,11.182701613437802,7,4.182701613437802,understaffed
SHJ-02,2026-09-20,49,370.7,440.8,508.0,0.225,none,False,Sharjah,mixed,3.0,3.0,10.0,2,3,370.7,2224.2,37.07,0.7771428571428572,0.7394999999999999,4.597577142857143,37.07,8.06294246907688,5,3.06294246907688,understaffed
AAN-01,2026-09-20,49,234.8,279.2,321.7,0.225,none,False,Al Ain,mixed,3.0,3.0,10.0,2,2,234.8,1408.8000000000002,23.480000000000004,0.7771428571428572,0.7394999999999999,4.597577142857143,23.480000000000004,5.107037744103727,4,1.1070377441037271,understaffed
RAK-01,2026-09-20,49,216.3,257.1,296.3,0.225,none,False,Ras Al Khaimah,mixed,3.0,3.0,10.0,2,1,216.3,1297.8000000000002,21.630000000000003,0.7771428571428572,0.7394999999999999,4.597577142857143,21.630000000000003,4.704651891182436,3,1.7046518911824364,understaffed
FUJ-01,2026-09-20,49,185.4,220.4,254.0,0.225,none,False,Fujairah,suburban,3.0,3.4,9.0,2,1,185.4,1186.5600000000002,19.776000000000003,0.7771428571428572,0.7394999999999999,4.597577142857143,19.776000000000003,4.301396014795371,3,1.3013960147953707,understaffed
DXB-01,2026-09-21,50,766.8,911.7,1050.5,0.225,none,False,Dubai,urban_dense,2.6,2.0,13.0,5,4,766.8,3527.2799999999997,58.788,0.7771428571428572,0.7394999999999999,4.597577142857143,58.788,12.786734876506381,9,3.7867348765063813,understaffed
DXB-02,2026-09-21,50,667.8,794.0,915.0,0.225,none,False,Dubai,urban_dense,2.6,2.0,13.0,5,3,667.8,3071.8799999999997,51.19799999999999,0.7771428571428572,0.7394999999999999,4.597577142857143,51.19799999999999,11.135865350196871,8,3.1358653501968714,understaffed
DXB-03,2026-09-21,50,507.0,602.9,694.7,0.225,none,False,Dubai,suburban,3.0,3.4,9.0,5,2,507.0,3244.8,54.080000000000005,0.7771428571428572,0.7394999999999999,4.597577142857143,54.080000000000005,11.762717257288312,7,4.762717257288312,understaffed
DXB-04,2026-09-21,50,377.2,448.5,516.8,0.225,none,False,Dubai,industrial_b2b,4.2,4.8,6.5,5,3,377.2,3394.7999999999997,56.58,0.7771428571428572,0.7394999999999999,4.597577142857143,56.58,12.306481923398161,8,4.306481923398161,understaffed
AUH-01,2026-09-21,50,593.6,705.8,813.3,0.225,none,False,Abu Dhabi,urban_dense,2.6,2.0,13.0,3,3,593.6,2730.56,45.50933333333333,0.7771428571428572,0.7394999999999999,4.597577142857143,45.50933333333333,9.898546977952776,6,3.898546977952776,understaffed
AUH-02,2026-09-21,50,432.8,514.7,593.1,0.225,none,False,Abu Dhabi,suburban,3.0,3.4,9.0,4,2,432.8,2769.92,46.165333333333336,0.7771428571428572,0.7394999999999999,4.597577142857143,46.165333333333336,10.041230826340001,6,4.041230826340001,understaffed
AUH-03,2026-09-21,50,321.5,382.3,440.6,0.225,none,False,Abu Dhabi,industrial_b2b,4.2,4.8,6.5,5,2,321.5,2893.5,48.225,0.7771428571428572,0.7394999999999999,4.597577142857143,48.225,10.489220409259037,7,3.489220409259037,understaffed
SHJ-01,2026-09-21,50,482.3,573.5,660.8,0.225,none,False,Sharjah,suburban,3.0,3.4,9.0,4,3,482.3,3086.7200000000003,51.44533333333334,0.7771428571428572,0.7394999999999999,4.597577142857143,51.44533333333334,11.189661801164009,7,4.189661801164009,understaffed
SHJ-02,2026-09-21,50,371.0,441.1,508.3,0.225,none,False,Sharjah,mixed,3.0,3.0,10.0,2,3,371.0,2226.0,37.1,0.7771428571428572,0.7394999999999999,4.597577142857143,37.1,8.069467645070198,5,3.0694676450701976,understaffed
AAN-01,2026-09-21,50,235.0,279.4,321.9,0.225,none,False,Al Ain,mixed,3.0,3.0,10.0,2,2,235.0,1410.0,23.5,0.7771428571428572,0.7394999999999999,4.597577142857143,23.5,5.111387861432605,4,1.111387861432605,understaffed
RAK-01,2026-09-21,50,216.4,257.3,296.5,0.225,none,False,Ras Al Khaimah,mixed,3.0,3.0,10.0,2,1,216.4,1298.4,21.64,0.7771428571428572,0.7394999999999999,4.597577142857143,21.64,4.706826949846875,3,1.7068269498468753,understaffed
FUJ-01,2026-09-21,50,185.5,220.6,254.2,0.225,none,False,Fujairah,suburban,3.0,3.4,9.0,2,1,185.5,1187.2,19.78666666666667,0.7771428571428572,0.7394999999999999,4.597577142857143,19.78666666666667,4.3037160773707726,3,1.3037160773707726,understaffed
DXB-01,2026-09-22,51,767.3,912.3,1051.3,0.225,none,False,Dubai,urban_dense,2.6,2.0,13.0,5,4,767.3,3529.5799999999995,58.826333333333324,0.7771428571428572,0.7394999999999999,4.597577142857143,58.826333333333324,12.795072601386732,9,3.7950726013867317,understaffed
DXB-02,2026-09-22,51,668.3,794.6,915.7,0.225,none,False,Dubai,urban_dense,2.6,2.0,13.0,5,3,668.3,3074.1799999999994,51.23633333333332,0.7771428571428572,0.7394999999999999,4.597577142857143,51.23633333333332,11.144203075077222,8,3.144203075077222,understaffed
DXB-03,2026-09-22,51,507.4,603.3,695.2,0.225,none,False,Dubai,suburban,3.0,3.4,9.0,5,2,507.4,3247.36,54.12266666666667,0.7771428571428572,0.7394999999999999,4.597577142857143,54.12266666666667,11.771997507589917,7,4.7719975075899175,understaffed
DXB-04,2026-09-22,51,377.5,448.8,517.2,0.225,none,False,Dubai,industrial_b2b,4.2,4.8,6.5,5,3,377.5,3397.5,56.625,0.7771428571428572,0.7394999999999999,4.597577142857143,56.625,12.31626968738814,8,4.316269687388139,understaffed
AUH-01,2026-09-22,51,594.0,706.3,813.9,0.225,none,False,Abu Dhabi,urban_dense,2.6,2.0,13.0,3,3,594.0,2732.3999999999996,45.53999999999999,0.7771428571428572,0.7394999999999999,4.597577142857143,45.53999999999999,9.905217157857056,6,3.905217157857056,understaffed
AUH-02,2026-09-22,51,433.2,515.0,593.5,0.225,none,False,Abu Dhabi,suburban,3.0,3.4,9.0,4,2,433.2,2772.48,46.208,0.7771428571428572,0.7394999999999999,4.597577142857143,46.208,10.050511076641609,6,4.050511076641609,understaffed
AUH-03,2026-09-22,51,321.8,382.6,440.9,0.225,none,False,Abu Dhabi,industrial_b2b,4.2,4.8,6.5,5,2,321.8,2896.2000000000003,48.27,0.7771428571428572,0.7394999999999999,4.597577142857143,48.27,10.499008173249015,7,3.499008173249015,understaffed
SHJ-01,2026-09-22,51,482.7,573.9,661.3,0.225,none,False,Sharjah,suburban,3.0,3.4,9.0,4,3,482.7,3089.28,51.48800000000001,0.7771428571428572,0.7394999999999999,4.597577142857143,51.48800000000001,11.198942051465616,7,4.198942051465616,understaffed
SHJ-02,2026-09-22,51,371.3,441.5,508.7,0.225,none,False,Sharjah,mixed,3.0,3.0,10.0,2,3,371.3,2227.8,37.13,0.7771428571428572,0.7394999999999999,4.597577142857143,37.13,8.075992821063517,5,3.075992821063517,understaffed
AAN-01,2026-09-22,51,235.1,279.6,322.2,0.225,none,False,Al Ain,mixed,3.0,3.0,10.0,2,2,235.1,1410.6,23.509999999999998,0.7771428571428572,0.7394999999999999,4.597577142857143,23.509999999999998,5.113562920097044,4,1.1135629200970438,understaffed
RAK-01,2026-09-22,51,216.6,257.5,296.7,0.225,none,False,Ras Al Khaimah,mixed,3.0,3.0,10.0,2,1,216.6,1299.6,21.66,0.7771428571428572,0.7394999999999999,4.597577142857143,21.66,4.711177067175754,3,1.711177067175754,understaffed
FUJ-01,2026-09-22,51,185.6,220.7,254.4,0.225,none,False,Fujairah,suburban,3.0,3.4,9.0,2,1,185.6,1187.84,19.79733333333333,0.7771428571428572,0.7394999999999999,4.597577142857143,19.79733333333333,4.3060361399461735,3,1.3060361399461735,understaffed
DXB-01,2026-09-23,52,767.9,913.0,1052.1,0.225,none,False,Dubai,urban_dense,2.6,2.0,13.0,5,4,767.9,3532.3399999999997,58.87233333333333,0.7771428571428572,0.7394999999999999,4.597577142857143,58.87233333333333,12.805077871243155,9,3.8050778712431548,understaffed
DXB-02,2026-09-23,52,668.8,795.2,916.3,0.225,none,False,Dubai,urban_dense,2.6,2.0,13.0,5,3,668.8,3076.4799999999996,51.27466666666666,0.7771428571428572,0.7394999999999999,4.597577142857143,51.27466666666666,11.152540799957574,8,3.152540799957574,understaffed
DXB-03,2026-09-23,52,507.8,603.8,695.7,0.225,none,False,Dubai,suburban,3.0,3.4,9.0,5,2,507.8,3249.92,54.165333333333336,0.7771428571428572,0.7394999999999999,4.597577142857143,54.165333333333336,11.781277757891527,7,4.781277757891527,understaffed
DXB-04,2026-09-23,52,377.7,449.1,517.6,0.225,none,False,Dubai,industrial_b2b,4.2,4.8,6.5,5,3,377.7,3399.2999999999997,56.654999999999994,0.7771428571428572,0.7394999999999999,4.597577142857143,56.654999999999994,12.322794863381455,8,4.322794863381455,understaffed
AUH-01,2026-09-23,52,594.5,706.8,814.5,0.225,none,False,Abu Dhabi,urban_dense,2.6,2.0,13.0,3,3,594.5,2734.7,45.57833333333333,0.7771428571428572,0.7394999999999999,4.597577142857143,45.57833333333333,9.913554882737408,6,3.913554882737408,understaffed
AUH-02,2026-09-23,52,433.5,515.4,593.9,0.225,none,False,Abu Dhabi,suburban,3.0,3.4,9.0,4,2,433.5,2774.4,46.24,0.7771428571428572,0.7394999999999999,4.597577142857143,46.24,10.057471264367816,6,4.057471264367816,understaffed
AUH-03,2026-09-23,52,322.0,382.9,441.2,0.225,none,False,Abu Dhabi,industrial_b2b,4.2,4.8,6.5,5,2,322.0,2898.0,48.3,0.7771428571428572,0.7394999999999999,4.597577142857143,48.3,10.505533349242333,7,3.5055333492423326,understaffed
SHJ-01,2026-09-23,52,483.0,574.3,661.8,0.225,none,False,Sharjah,suburban,3.0,3.4,9.0,4,3,483.0,3091.2000000000003,51.52,0.7771428571428572,0.7394999999999999,4.597577142857143,51.52,11.205902239191822,7,4.205902239191822,understaffed
SHJ-02,2026-09-23,52,371.5,441.8,509.1,0.225,none,False,Sharjah,mixed,3.0,3.0,10.0,2,3,371.5,2229.0,37.15,0.7771428571428572,0.7394999999999999,4.597577142857143,37.15,8.080342938392395,5,3.080342938392395,understaffed
AAN-01,2026-09-23,52,235.3,279.8,322.4,0.225,none,False,Al Ain,mixed,3.0,3.0,10.0,2,2,235.3,1411.8000000000002,23.530000000000005,0.7771428571428572,0.7394999999999999,4.597577142857143,23.530000000000005,5.117913037425924,4,1.1179130374259243,understaffed
RAK-01,2026-09-23,52,216.7,257.7,297.0,0.225,none,False,Ras Al Khaimah,mixed,3.0,3.0,10.0,2,1,216.7,1300.1999999999998,21.669999999999998,0.7771428571428572,0.7394999999999999,4.597577142857143,21.669999999999998,4.713352125840193,3,1.713352125840193,understaffed
FUJ-01,2026-09-23,52,185.8,220.9,254.5,0.225,none,False,Fujairah,suburban,3.0,3.4,9.0,2,1,185.8,1189.1200000000001,19.81866666666667,0.7771428571428572,0.7394999999999999,4.597577142857143,19.81866666666667,4.310676265096979,3,1.310676265096979,understaffed
DXB-01,2026-09-24,53,768.4,913.7,1052.8,0.225,none,False,Dubai,urban_dense,2.6,2.0,13.0,5,4,768.4,3534.6399999999994,58.91066666666666,0.7771428571428572,0.7394999999999999,4.597577142857143,58.91066666666666,12.813415596123503,9,3.8134155961235034,understaffed
DXB-02,2026-09-24,53,669.3,795.8,917.0,0.225,none,False,Dubai,urban_dense,2.6,2.0,13.0,5,3,669.3,3078.7799999999997,51.312999999999995,0.7771428571428572,0.7394999999999999,4.597577142857143,51.312999999999995,11.160878524837925,8,3.1608785248379245,understaffed
DXB-03,2026-09-24,53,508.2,604.2,696.2,0.225,none,False,Dubai,suburban,3.0,3.4,9.0,5,2,508.2,3252.48,54.208,0.7771428571428572,0.7394999999999999,4.597577142857143,54.208,11.790558008193134,7,4.790558008193134,understaffed
DXB-04,2026-09-24,53,378.0,449.5,517.9,0.225,none,False,Dubai,industrial_b2b,4.2,4.8,6.5,5,3,378.0,3402.0,56.7,0.7771428571428572,0.7394999999999999,4.597577142857143,56.7,12.332582627371435,8,4.332582627371435,understaffed
AUH-01,2026-09-24,53,594.9,707.4,815.1,0.225,none,False,Abu Dhabi,urban_dense,2.6,2.0,13.0,3,3,594.9,2736.5399999999995,45.608999999999995,0.7771428571428572,0.7394999999999999,4.597577142857143,45.608999999999995,9.920225062641688,6,3.9202250626416877,understaffed
AUH-02,2026-09-24,53,433.8,515.8,594.3,0.225,none,False,Abu Dhabi,suburban,3.0,3.4,9.0,4,2,433.8,2776.32,46.272000000000006,0.7771428571428572,0.7394999999999999,4.597577142857143,46.272000000000006,10.064431452094022,6,4.064431452094022,understaffed
AUH-03,2026-09-24,53,322.2,383.1,441.5,0.225,none,False,Abu Dhabi,industrial_b2b,4.2,4.8,6.5,5,2,322.2,2899.7999999999997,48.33,0.7771428571428572,0.7394999999999999,4.597577142857143,48.33,10.51205852523565,7,3.51205852523565,understaffed
SHJ-01,2026-09-24,53,483.4,574.7,662.3,0.225,none,False,Sharjah,suburban,3.0,3.4,9.0,4,3,483.4,3093.76,51.56266666666667,0.7771428571428572,0.7394999999999999,4.597577142857143,51.56266666666667,11.215182489493431,7,4.215182489493431,understaffed
SHJ-02,2026-09-24,53,371.8,442.1,509.4,0.225,none,False,Sharjah,mixed,3.0,3.0,10.0,2,3,371.8,2230.8,37.18,0.7771428571428572,0.7394999999999999,4.597577142857143,37.18,8.086868114385712,5,3.0868681143857124,understaffed
AAN-01,2026-09-24,53,235.5,280.0,322.6,0.225,none,False,Al Ain,mixed,3.0,3.0,10.0,2,2,235.5,1413.0,23.55,0.7771428571428572,0.7394999999999999,4.597577142857143,23.55,5.122263154754802,4,1.122263154754802,understaffed
RAK-01,2026-09-24,53,216.9,257.9,297.2,0.225,none,False,Ras Al Khaimah,mixed,3.0,3.0,10.0,2,1,216.9,1301.4,21.69,0.7771428571428572,0.7394999999999999,4.597577142857143,21.69,4.7177022431690725,3,1.7177022431690725,understaffed
FUJ-01,2026-09-24,53,185.9,221.0,254.7,0.225,none,False,Fujairah,suburban,3.0,3.4,9.0,2,1,185.9,1189.76,19.829333333333334,0.7771428571428572,0.7394999999999999,4.597577142857143,19.829333333333334,4.312996327672381,3,1.3129963276723808,understaffed
DXB-01,2026-09-25,54,907.4,1078.9,1243.3,0.225,none,True,Dubai,urban_dense,2.6,2.0,13.0,5,4,907.4,4174.04,69.56733333333334,0.7771428571428572,0.7394999999999999,4.597577142857143,69.56733333333334,15.1313031128611,9,6.131303112861101,understaffed
DXB-02,2026-09-25,54,790.3,939.7,1082.8,0.225,none,True,Dubai,urban_dense,2.6,2.0,13.0,5,3,790.3,3635.3799999999997,60.58966666666666,0.7771428571428572,0.7394999999999999,4.597577142857143,60.58966666666666,13.17860794588288,8,5.178607945882881,understaffed
DXB-03,2026-09-25,54,600.1,713.5,822.2,0.225,none,True,Dubai,suburban,3.0,3.4,9.0,5,2,600.1,3840.6400000000003,64.01066666666667,0.7771428571428572,0.7394999999999999,4.597577142857143,64.01066666666667,13.922695514987602,7,6.922695514987602,understaffed
DXB-04,2026-09-25,54,446.4,530.8,611.6,0.225,none,True,Dubai,industrial_b2b,4.2,4.8,6.5,5,3,446.4,4017.6,66.96,0.7771428571428572,0.7394999999999999,4.597577142857143,66.96,14.564192817086264,8,6.564192817086264,understaffed
AUH-01,2026-09-25,54,702.5,835.3,962.5,0.225,none,True,Abu Dhabi,urban_dense,2.6,2.0,13.0,3,3,702.5,3231.4999999999995,53.85833333333333,0.7771428571428572,0.7394999999999999,4.597577142857143,53.85833333333333,11.714503456893235,6,5.714503456893235,understaffed
AUH-02,2026-09-25,54,512.2,609.1,701.8,0.225,none,True,Abu Dhabi,suburban,3.0,3.4,9.0,4,2,512.2,3278.0800000000004,54.634666666666675,0.7771428571428572,0.7394999999999999,4.597577142857143,54.634666666666675,11.883360511209217,6,5.883360511209217,understaffed
AUH-03,2026-09-25,54,380.5,452.4,521.4,0.225,none,True,Abu Dhabi,industrial_b2b,4.2,4.8,6.5,5,2,380.5,3424.5,57.075,0.7771428571428572,0.7394999999999999,4.597577142857143,57.075,12.414147327287912,7,5.414147327287912,understaffed
SHJ-01,2026-09-25,54,570.8,678.7,782.0,0.225,none,True,Sharjah,suburban,3.0,3.4,9.0,4,3,570.8,3653.12,60.88533333333333,0.7771428571428572,0.7394999999999999,4.597577142857143,60.88533333333333,13.242917180394807,7,6.242917180394807,understaffed
SHJ-02,2026-09-25,54,439.1,522.0,601.6,0.225,none,True,Sharjah,mixed,3.0,3.0,10.0,2,3,439.1,2634.6000000000004,43.910000000000004,0.7771428571428572,0.7394999999999999,4.597577142857143,43.910000000000004,9.550682595553434,5,4.550682595553434,understaffed
AAN-01,2026-09-25,54,278.1,330.6,381.0,0.225,none,True,Al Ain,mixed,3.0,3.0,10.0,2,2,278.1,1668.6000000000001,27.810000000000002,0.7771428571428572,0.7394999999999999,4.597577142857143,27.810000000000002,6.048838145805989,4,2.0488381458059894,understaffed
RAK-01,2026-09-25,54,256.1,304.5,350.9,0.225,none,True,Ras Al Khaimah,mixed,3.0,3.0,10.0,2,1,256.1,1536.6000000000001,25.610000000000003,0.7771428571428572,0.7394999999999999,4.597577142857143,25.610000000000003,5.57032523962932,3,2.5703252396293204,understaffed
FUJ-01,2026-09-25,54,219.5,261.0,300.8,0.225,none,True,Fujairah,suburban,3.0,3.4,9.0,2,1,219.5,1404.8000000000002,23.413333333333338,0.7771428571428572,0.7394999999999999,4.597577142857143,23.413333333333338,5.092537353007464,3,2.0925373530074642,understaffed
DXB-01,2026-09-26,55,908.1,1079.7,1244.2,0.225,none,True,Dubai,urban_dense,2.6,2.0,13.0,5,4,908.1,4177.26,69.62100000000001,0.7771428571428572,0.7394999999999999,4.597577142857143,69.62100000000001,15.142975927693593,9,6.142975927693593,understaffed
DXB-02,2026-09-26,55,790.9,940.4,1083.6,0.225,none,True,Dubai,urban_dense,2.6,2.0,13.0,5,3,790.9,3638.1399999999994,60.63566666666666,0.7771428571428572,0.7394999999999999,4.597577142857143,60.63566666666666,13.188613215739302,8,5.188613215739302,understaffed
DXB-03,2026-09-26,55,600.5,714.0,822.7,0.225,none,True,Dubai,suburban,3.0,3.4,9.0,5,2,600.5,3843.2000000000003,64.05333333333334,0.7771428571428572,0.7394999999999999,4.597577142857143,64.05333333333334,13.931975765289213,7,6.931975765289213,understaffed
DXB-04,2026-09-26,55,446.7,531.1,612.0,0.225,none,True,Dubai,industrial_b2b,4.2,4.8,6.5,5,3,446.7,4020.2999999999997,67.005,0.7771428571428572,0.7394999999999999,4.597577142857143,67.005,14.573980581076242,8,6.573980581076242,understaffed
AUH-01,2026-09-26,55,703.0,835.9,963.2,0.225,none,True,Abu Dhabi,urban_dense,2.6,2.0,13.0,3,3,703.0,3233.7999999999997,53.89666666666666,0.7771428571428572,0.7394999999999999,4.597577142857143,53.89666666666666,11.722841181773585,6,5.722841181773585,understaffed
AUH-02,2026-09-26,55,512.6,609.5,702.3,0.225,none,True,Abu Dhabi,suburban,3.0,3.4,9.0,4,2,512.6,3280.6400000000003,54.67733333333334,0.7771428571428572,0.7394999999999999,4.597577142857143,54.67733333333334,11.892640761510824,6,5.892640761510824,understaffed
AUH-03,2026-09-26,55,380.8,452.8,521.7,0.225,none,True,Abu Dhabi,industrial_b2b,4.2,4.8,6.5,5,2,380.8,3427.2000000000003,57.120000000000005,0.7771428571428572,0.7394999999999999,4.597577142857143,57.120000000000005,12.42393509127789,7,5.42393509127789,understaffed
SHJ-01,2026-09-26,55,571.2,679.2,782.6,0.225,none,True,Sharjah,suburban,3.0,3.4,9.0,4,3,571.2,3655.6800000000003,60.928000000000004,0.7771428571428572,0.7394999999999999,4.597577142857143,60.928000000000004,13.252197430696416,7,6.252197430696416,understaffed
SHJ-02,2026-09-26,55,439.4,522.4,602.0,0.225,none,True,Sharjah,mixed,3.0,3.0,10.0,2,3,439.4,2636.3999999999996,43.93999999999999,0.7771428571428572,0.7394999999999999,4.597577142857143,43.93999999999999,9.55720777154675,5,4.55720777154675,understaffed
AAN-01,2026-09-26,55,278.3,330.9,381.3,0.225,none,True,Al Ain,mixed,3.0,3.0,10.0,2,2,278.3,1669.8000000000002,27.830000000000002,0.7771428571428572,0.7394999999999999,4.597577142857143,27.830000000000002,6.053188263134868,4,2.053188263134868,understaffed
RAK-01,2026-09-26,55,256.3,304.7,351.2,0.225,none,True,Ras Al Khaimah,mixed,3.0,3.0,10.0,2,1,256.3,1537.8000000000002,25.630000000000003,0.7771428571428572,0.7394999999999999,4.597577142857143,25.630000000000003,5.574675356958199,3,2.574675356958199,understaffed
FUJ-01,2026-09-26,55,219.7,261.2,301.0,0.225,none,True,Fujairah,suburban,3.0,3.4,9.0,2,1,219.7,1406.08,23.434666666666665,0.7771428571428572,0.7394999999999999,4.597577142857143,23.434666666666665,5.097177478158267,3,2.097177478158267,understaffed
DXB-01,2026-09-27,56,770.1,925.4,1074.1,0.24,none,False,Dubai,urban_dense,2.6,2.0,13.0,5,4,770.1,3542.46,59.041000000000004,0.7771428571428572,0.7394999999999999,4.597577142857143,59.041000000000004,12.8417638607167,9,3.8417638607167,understaffed
DXB-02,2026-09-27,56,670.7,806.0,935.5,0.24,none,False,Dubai,urban_dense,2.6,2.0,13.0,5,3,670.7,3085.22,51.42033333333333,0.7771428571428572,0.7394999999999999,4.597577142857143,51.42033333333333,11.184224154502909,8,3.1842241545029086,understaffed
DXB-03,2026-09-27,56,509.3,611.9,710.3,0.24,none,False,Dubai,suburban,3.0,3.4,9.0,5,2,509.3,3259.5200000000004,54.32533333333334,0.7771428571428572,0.7394999999999999,4.597577142857143,54.32533333333334,11.816078696522558,7,4.816078696522558,understaffed
DXB-04,2026-09-27,56,378.8,455.2,528.4,0.24,none,False,Dubai,industrial_b2b,4.2,4.8,6.5,5,3,378.8,3409.2000000000003,56.82000000000001,0.7771428571428572,0.7394999999999999,4.597577142857143,56.82000000000001,12.358683331344709,8,4.358683331344709,understaffed
AUH-01,2026-09-27,56,596.2,716.4,831.6,0.24,none,False,Abu Dhabi,urban_dense,2.6,2.0,13.0,3,3,596.2,2742.52,45.708666666666666,0.7771428571428572,0.7394999999999999,4.597577142857143,45.708666666666666,9.941903147330601,6,3.941903147330601,understaffed
AUH-02,2026-09-27,56,434.7,522.4,606.4,0.24,none,False,Abu Dhabi,suburban,3.0,3.4,9.0,4,2,434.7,2782.08,46.368,0.7771428571428572,0.7394999999999999,4.597577142857143,46.368,10.08531201527264,6,4.08531201527264,understaffed
AUH-03,2026-09-27,56,322.9,388.1,450.4,0.24,none,False,Abu Dhabi,industrial_b2b,4.2,4.8,6.5,5,2,322.9,2906.1,48.434999999999995,0.7771428571428572,0.7394999999999999,4.597577142857143,48.434999999999995,10.534896641212264,7,3.5348966412122635,understaffed
SHJ-01,2026-09-27,56,484.4,582.1,675.7,0.24,none,False,Sharjah,suburban,3.0,3.4,9.0,4,3,484.4,3100.16,51.669333333333334,0.7771428571428572,0.7394999999999999,4.597577142857143,51.669333333333334,11.23838311524745,7,4.23838311524745,understaffed
SHJ-02,2026-09-27,56,372.6,447.8,519.7,0.24,none,False,Sharjah,mixed,3.0,3.0,10.0,2,3,372.6,2235.6000000000004,37.260000000000005,0.7771428571428572,0.7394999999999999,4.597577142857143,37.260000000000005,8.104268583701229,5,3.104268583701229,understaffed
AAN-01,2026-09-27,56,236.0,283.6,329.2,0.24,none,False,Al Ain,mixed,3.0,3.0,10.0,2,2,236.0,1416.0,23.6,0.7771428571428572,0.7394999999999999,4.597577142857143,23.6,5.133138448076999,4,1.1331384480769993,understaffed
RAK-01,2026-09-27,56,217.4,261.2,303.2,0.24,none,False,Ras Al Khaimah,mixed,3.0,3.0,10.0,2,1,217.4,1304.4,21.740000000000002,0.7771428571428572,0.7394999999999999,4.597577142857143,21.740000000000002,4.72857753649127,3,1.7285775364912697,understaffed
FUJ-01,2026-09-27,56,186.3,223.9,259.9,0.24,none,False,Fujairah,suburban,3.0,3.4,9.0,2,1,186.3,1192.3200000000002,19.872000000000003,0.7771428571428572,0.7394999999999999,4.597577142857143,19.872000000000003,4.322276577973989,3,1.3222765779739891,understaffed
DXB-01,2026-09-28,57,770.7,926.0,1074.9,0.24,none,False,Dubai,urban_dense,2.6,2.0,13.0,5,4,770.7,3545.22,59.086999999999996,0.7771428571428572,0.7394999999999999,4.597577142857143,59.086999999999996,12.85176913057312,9,3.8517691305731194,understaffed
DXB-02,2026-09-28,57,671.2,806.5,936.2,0.24,none,False,Dubai,urban_dense,2.6,2.0,13.0,5,3,671.2,3087.52,51.458666666666666,0.7771428571428572,0.7394999999999999,4.597577142857143,51.458666666666666,11.192561879383259,8,3.192561879383259,understaffed
DXB-03,2026-09-28,57,509.6,612.4,710.8,0.24,none,False,Dubai,suburban,3.0,3.4,9.0,5,2,509.6,3261.4400000000005,54.357333333333344,0.7771428571428572,0.7394999999999999,4.597577142857143,54.357333333333344,11.823038884248765,7,4.823038884248765,understaffed
DXB-04,2026-09-28,57,379.1,455.5,528.8,0.24,none,False,Dubai,industrial_b2b,4.2,4.8,6.5,5,3,379.1,3411.9,56.865,0.7771428571428572,0.7394999999999999,4.597577142857143,56.865,12.368471095334685,8,4.3684710953346855,understaffed
AUH-01,2026-09-28,57,596.6,716.9,832.2,0.24,none,False,Abu Dhabi,urban_dense,2.6,2.0,13.0,3,3,596.6,2744.3599999999997,45.73933333333333,0.7771428571428572,0.7394999999999999,4.597577142857143,45.73933333333333,9.94857332723488,6,3.9485733272348806,understaffed
AUH-02,2026-09-28,57,435.0,522.8,606.8,0.24,none,False,Abu Dhabi,suburban,3.0,3.4,9.0,4,2,435.0,2784.0,46.4,0.7771428571428572,0.7394999999999999,4.597577142857143,46.4,10.092272202998846,6,4.092272202998846,understaffed
AUH-03,2026-09-28,57,323.2,388.3,450.8,0.24,none,False,Abu Dhabi,industrial_b2b,4.2,4.8,6.5,5,2,323.2,2908.7999999999997,48.48,0.7771428571428572,0.7394999999999999,4.597577142857143,48.48,10.544684405202242,7,3.5446844052022417,understaffed
SHJ-01,2026-09-28,57,484.8,582.5,676.2,0.24,none,False,Sharjah,suburban,3.0,3.4,9.0,4,3,484.8,3102.7200000000003,51.712,0.7771428571428572,0.7394999999999999,4.597577142857143,51.712,11.247663365549059,7,4.247663365549059,understaffed
SHJ-02,2026-09-28,57,372.9,448.1,520.1,0.24,none,False,Sharjah,mixed,3.0,3.0,10.0,2,3,372.9,2237.3999999999996,37.28999999999999,0.7771428571428572,0.7394999999999999,4.597577142857143,37.28999999999999,8.110793759694545,5,3.1107937596945447,understaffed
AAN-01,2026-09-28,57,236.2,283.8,329.4,0.24,none,False,Al Ain,mixed,3.0,3.0,10.0,2,2,236.2,1417.1999999999998,23.619999999999997,0.7771428571428572,0.7394999999999999,4.597577142857143,23.619999999999997,5.137488565405877,4,1.137488565405877,understaffed
RAK-01,2026-09-28,57,217.5,261.4,303.4,0.24,none,False,Ras Al Khaimah,mixed,3.0,3.0,10.0,2,1,217.5,1305.0,21.75,0.7771428571428572,0.7394999999999999,4.597577142857143,21.75,4.730752595155709,3,1.7307525951557086,understaffed
FUJ-01,2026-09-28,57,186.4,224.0,260.1,0.24,none,False,Fujairah,suburban,3.0,3.4,9.0,2,1,186.4,1192.96,19.88266666666667,0.7771428571428572,0.7394999999999999,4.597577142857143,19.88266666666667,4.324596640549391,3,1.324596640549391,understaffed
DXB-01,2026-09-29,58,771.2,926.7,1075.7,0.24,none,False,Dubai,urban_dense,2.6,2.0,13.0,5,4,771.2,3547.52,59.12533333333333,0.7771428571428572,0.7394999999999999,4.597577142857143,59.12533333333333,12.860106855453472,9,3.8601068554534717,understaffed
DXB-02,2026-09-29,58,671.7,807.1,936.9,0.24,none,False,Dubai,urban_dense,2.6,2.0,13.0,5,3,671.7,3089.82,51.497,0.7771428571428572,0.7394999999999999,4.597577142857143,51.497,11.200899604263611,8,3.2008996042636113,understaffed
DXB-03,2026-09-29,58,510.0,612.8,711.3,0.24,none,False,Dubai,suburban,3.0,3.4,9.0,5,2,510.0,3264.0,54.4,0.7771428571428572,0.7394999999999999,4.597577142857143,54.4,11.83231913455037,7,4.832319134550371,understaffed
DXB-04,2026-09-29,58,379.4,455.9,529.2,0.24,none,False,Dubai,industrial_b2b,4.2,4.8,6.5,5,3,379.4,3414.6,56.91,0.7771428571428572,0.7394999999999999,4.597577142857143,56.91,12.378258859324662,8,4.378258859324662,understaffed
AUH-01,2026-09-29,58,597.1,717.4,832.8,0.24,none,False,Abu Dhabi,urban_dense,2.6,2.0,13.0,3,3,597.1,2746.66,45.77766666666666,0.7771428571428572,0.7394999999999999,4.597577142857143,45.77766666666666,9.956911052115233,6,3.956911052115233,understaffed
AUH-02,2026-09-29,58,435.4,523.1,607.2,0.24,none,False,Abu Dhabi,suburban,3.0,3.4,9.0,4,2,435.4,2786.56,46.44266666666667,0.7771428571428572,0.7394999999999999,4.597577142857143,46.44266666666667,10.101552453300455,6,4.101552453300455,understaffed
AUH-03,2026-09-29,58,323.4,388.6,451.1,0.24,none,False,Abu Dhabi,industrial_b2b,4.2,4.8,6.5,5,2,323.4,2910.6,48.51,0.7771428571428572,0.7394999999999999,4.597577142857143,48.51,10.55120958119556,7,3.5512095811955593,understaffed
SHJ-01,2026-09-29,58,485.1,582.9,676.6,0.24,none,False,Sharjah,suburban,3.0,3.4,9.0,4,3,485.1,3104.6400000000003,51.74400000000001,0.7771428571428572,0.7394999999999999,4.597577142857143,51.74400000000001,11.254623553275266,7,4.254623553275266,understaffed
SHJ-02,2026-09-29,58,373.2,448.4,520.5,0.24,none,False,Sharjah,mixed,3.0,3.0,10.0,2,3,373.2,2239.2,37.32,0.7771428571428572,0.7394999999999999,4.597577142857143,37.32,8.117318935687864,5,3.117318935687864,understaffed
AAN-01,2026-09-29,58,236.3,284.0,329.6,0.24,none,False,Al Ain,mixed,3.0,3.0,10.0,2,2,236.3,1417.8000000000002,23.630000000000003,0.7771428571428572,0.7394999999999999,4.597577142857143,23.630000000000003,5.139663624070318,4,1.1396636240703177,understaffed
RAK-01,2026-09-29,58,217.7,261.6,303.6,0.24,none,False,Ras Al Khaimah,mixed,3.0,3.0,10.0,2,1,217.7,1306.1999999999998,21.769999999999996,0.7771428571428572,0.7394999999999999,4.597577142857143,21.769999999999996,4.735102712484587,3,1.7351027124845873,understaffed
FUJ-01,2026-09-29,58,186.6,224.2,260.2,0.24,none,False,Fujairah,suburban,3.0,3.4,9.0,2,1,186.6,1194.24,19.904,0.7771428571428572,0.7394999999999999,4.597577142857143,19.904,4.329236765700195,3,1.3292367657001947,understaffed
DXB-01,2026-09-30,59,771.8,927.4,1076.5,0.24,none,False,Dubai,urban_dense,2.6,2.0,13.0,5,4,771.8,3550.2799999999993,59.17133333333332,0.7771428571428572,0.7394999999999999,4.597577142857143,59.17133333333332,12.870112125309891,9,3.870112125309891,understaffed
DXB-02,2026-09-30,59,672.2,807.7,937.6,0.24,none,False,Dubai,urban_dense,2.6,2.0,13.0,5,3,672.2,3092.12,51.535333333333334,0.7771428571428572,0.7394999999999999,4.597577142857143,51.535333333333334,11.209237329143962,8,3.2092373291439618,understaffed
DXB-03,2026-09-30,59,510.4,613.3,711.9,0.24,none,False,Dubai,suburban,3.0,3.4,9.0,5,2,510.4,3266.56,54.44266666666667,0.7771428571428572,0.7394999999999999,4.597577142857143,54.44266666666667,11.84159938485198,7,4.84159938485198,understaffed
DXB-04,2026-09-30,59,379.7,456.2,529.6,0.24,none,False,Dubai,industrial_b2b,4.2,4.8,6.5,5,3,379.7,3417.2999999999997,56.955,0.7771428571428572,0.7394999999999999,4.597577142857143,56.955,12.388046623314638,8,4.388046623314638,understaffed
AUH-01,2026-09-30,59,597.5,718.0,833.4,0.24,none,False,Abu Dhabi,urban_dense,2.6,2.0,13.0,3,3,597.5,2748.5,45.80833333333333,0.7771428571428572,0.7394999999999999,4.597577142857143,45.80833333333333,9.963581232019514,6,3.9635812320195143,understaffed
AUH-02,2026-09-30,59,435.7,523.5,607.7,0.24,none,False,Abu Dhabi,suburban,3.0,3.4,9.0,4,2,435.7,2788.48,46.474666666666664,0.7771428571428572,0.7394999999999999,4.597577142857143,46.474666666666664,10.108512641026659,6,4.108512641026659,understaffed
AUH-03,2026-09-30,59,323.6,388.9,451.4,0.24,none,False,Abu Dhabi,industrial_b2b,4.2,4.8,6.5,5,2,323.6,2912.4,48.54,0.7771428571428572,0.7394999999999999,4.597577142857143,48.54,10.557734757188879,7,3.5577347571888787,understaffed
SHJ-01,2026-09-30,59,485.5,583.3,677.1,0.24,none,False,Sharjah,suburban,3.0,3.4,9.0,4,3,485.5,3107.2000000000003,51.78666666666667,0.7771428571428572,0.7394999999999999,4.597577142857143,51.78666666666667,11.263903803576873,7,4.2639038035768735,understaffed
SHJ-02,2026-09-30,59,373.4,448.7,520.9,0.24,none,False,Sharjah,mixed,3.0,3.0,10.0,2,3,373.4,2240.3999999999996,37.339999999999996,0.7771428571428572,0.7394999999999999,4.597577142857143,37.339999999999996,8.121669053016742,5,3.121669053016742,understaffed
AAN-01,2026-09-30,59,236.5,284.2,329.9,0.24,none,False,Al Ain,mixed,3.0,3.0,10.0,2,2,236.5,1419.0,23.65,0.7771428571428572,0.7394999999999999,4.597577142857143,23.65,5.1440137413991955,4,1.1440137413991955,understaffed
RAK-01,2026-09-30,59,217.8,261.8,303.8,0.24,none,False,Ras Al Khaimah,mixed,3.0,3.0,10.0,2,1,217.8,1306.8000000000002,21.780000000000005,0.7771428571428572,0.7394999999999999,4.597577142857143,21.780000000000005,4.737277771149028,3,1.737277771149028,understaffed
FUJ-01,2026-09-30,59,186.7,224.4,260.4,0.24,none,False,Fujairah,suburban,3.0,3.4,9.0,2,1,186.7,1194.8799999999999,19.914666666666665,0.7771428571428572,0.7394999999999999,4.597577142857143,19.914666666666665,4.3315568282755965,3,1.3315568282755965,understaffed
DXB-01,2026-10-01,60,772.3,928.0,1077.3,0.24,none,False,Dubai,urban_dense,2.6,2.0,13.0,5,4,772.3,3552.5799999999995,59.20966666666666,0.7771428571428572,0.7394999999999999,4.597577142857143,59.20966666666666,12.878449850190242,9,3.8784498501902416,understaffed
DXB-02,2026-10-01,60,672.7,808.3,938.3,0.24,none,False,Dubai,urban_dense,2.6,2.0,13.0,5,3,672.7,3094.42,51.57366666666667,0.7771428571428572,0.7394999999999999,4.597577142857143,51.57366666666667,11.217575054024314,8,3.217575054024314,understaffed
DXB-03,2026-10-01,60,510.7,613.7,712.4,0.24,none,False,Dubai,suburban,3.0,3.4,9.0,5,2,510.7,3268.48,54.474666666666664,0.7771428571428572,0.7394999999999999,4.597577142857143,54.474666666666664,11.848559572578184,7,4.848559572578184,understaffed
DXB-04,2026-10-01,60,379.9,456.5,529.9,0.24,none,False,Dubai,industrial_b2b,4.2,4.8,6.5,5,3,379.9,3419.1,56.985,0.7771428571428572,0.7394999999999999,4.597577142857143,56.985,12.394571799307958,8,4.394571799307958,understaffed
AUH-01,2026-10-01,60,597.9,718.5,834.0,0.24,none,False,Abu Dhabi,urban_dense,2.6,2.0,13.0,3,3,597.9,2750.3399999999997,45.83899999999999,0.7771428571428572,0.7394999999999999,4.597577142857143,45.83899999999999,9.970251411923794,6,3.970251411923794,understaffed
AUH-02,2026-10-01,60,436.0,523.9,608.1,0.24,none,False,Abu Dhabi,suburban,3.0,3.4,9.0,4,2,436.0,2790.4,46.50666666666667,0.7771428571428572,0.7394999999999999,4.597577142857143,46.50666666666667,10.115472828752866,6,4.115472828752866,understaffed
AUH-03,2026-10-01,60,323.9,389.2,451.8,0.24,none,False,Abu Dhabi,industrial_b2b,4.2,4.8,6.5,5,2,323.9,2915.1,48.585,0.7771428571428572,0.7394999999999999,4.597577142857143,48.585,10.567522521178857,7,3.567522521178857,understaffed
SHJ-01,2026-10-01,60,485.8,583.8,677.6,0.24,none,False,Sharjah,suburban,3.0,3.4,9.0,4,3,485.8,3109.1200000000003,51.81866666666667,0.7771428571428572,0.7394999999999999,4.597577142857143,51.81866666666667,11.27086399130308,7,4.270863991303081,understaffed
SHJ-02,2026-10-01,60,373.7,449.0,521.3,0.24,none,False,Sharjah,mixed,3.0,3.0,10.0,2,3,373.7,2242.2,37.37,0.7771428571428572,0.7394999999999999,4.597577142857143,37.37,8.128194229010061,5,3.1281942290100613,understaffed
AAN-01,2026-10-01,60,236.7,284.4,330.1,0.24,none,False,Al Ain,mixed,3.0,3.0,10.0,2,2,236.7,1420.1999999999998,23.669999999999998,0.7771428571428572,0.7394999999999999,4.597577142857143,23.669999999999998,5.148363858728074,4,1.1483638587280742,understaffed
RAK-01,2026-10-01,60,218.0,261.9,304.1,0.24,none,False,Ras Al Khaimah,mixed,3.0,3.0,10.0,2,1,218.0,1308.0,21.8,0.7771428571428572,0.7394999999999999,4.597577142857143,21.8,4.741627888477906,3,1.7416278884779057,understaffed
FUJ-01,2026-10-01,60,186.9,224.5,260.6,0.24,none,False,Fujairah,suburban,3.0,3.4,9.0,2,1,186.9,1196.16,19.936,0.7771428571428572,0.7394999999999999,4.597577142857143,19.936,4.3361969534264,3,1.3361969534264002,understaffed
DXB-01,2026-10-02,61,912.0,1095.9,1272.1,0.24,none,True,Dubai,urban_dense,2.6,2.0,13.0,5,4,912.0,4195.2,69.92,0.7771428571428572,0.7394999999999999,4.597577142857143,69.92,15.20801018176033,9,6.208010181760329,understaffed
DXB-02,2026-10-02,61,794.3,954.5,1107.9,0.24,none,True,Dubai,urban_dense,2.6,2.0,13.0,5,3,794.3,3653.7799999999993,60.896333333333324,0.7771428571428572,0.7394999999999999,4.597577142857143,60.896333333333324,13.245309744925688,8,5.245309744925688,understaffed
DXB-03,2026-10-02,61,603.1,724.7,841.2,0.24,none,True,Dubai,suburban,3.0,3.4,9.0,5,2,603.1,3859.84,64.33066666666667,0.7771428571428572,0.7394999999999999,4.597577142857143,64.33066666666667,13.992297392249666,7,6.992297392249666,understaffed
DXB-04,2026-10-02,61,448.7,539.1,625.8,0.24,none,True,Dubai,industrial_b2b,4.2,4.8,6.5,5,3,448.7,4038.2999999999997,67.30499999999999,0.7771428571428572,0.7394999999999999,4.597577142857143,67.30499999999999,14.639232341009423,8,6.639232341009423,understaffed
AUH-01,2026-10-02,61,706.1,848.4,984.8,0.24,none,True,Abu Dhabi,urban_dense,2.6,2.0,13.0,3,3,706.1,3248.06,54.13433333333333,0.7771428571428572,0.7394999999999999,4.597577142857143,54.13433333333333,11.774535076031764,6,5.774535076031764,understaffed
AUH-02,2026-10-02,61,514.8,618.6,718.1,0.24,none,True,Abu Dhabi,suburban,3.0,3.4,9.0,4,2,514.8,3294.72,54.912,0.7771428571428572,0.7394999999999999,4.597577142857143,54.912,11.943682138169669,6,5.9436821381696685,understaffed
AUH-03,2026-10-02,61,382.5,459.6,533.5,0.24,none,True,Abu Dhabi,industrial_b2b,4.2,4.8,6.5,5,2,382.5,3442.5,57.375,0.7771428571428572,0.7394999999999999,4.597577142857143,57.375,12.479399087221095,7,5.479399087221095,understaffed
SHJ-01,2026-10-02,61,573.7,689.3,800.2,0.24,none,True,Sharjah,suburban,3.0,3.4,9.0,4,3,573.7,3671.6800000000003,61.19466666666667,0.7771428571428572,0.7394999999999999,4.597577142857143,61.19466666666667,13.310198995081468,7,6.310198995081468,understaffed
SHJ-02,2026-10-02,61,441.3,530.3,615.5,0.24,none,True,Sharjah,mixed,3.0,3.0,10.0,2,3,441.3,2647.8,44.13,0.7771428571428572,0.7394999999999999,4.597577142857143,44.13,9.5985338861711,5,4.598533886171101,understaffed
AAN-01,2026-10-02,61,279.5,335.8,389.8,0.24,none,True,Al Ain,mixed,3.0,3.0,10.0,2,2,279.5,1677.0,27.95,0.7771428571428572,0.7394999999999999,4.597577142857143,27.95,6.079288967108141,4,2.079288967108141,understaffed
RAK-01,2026-10-02,61,257.4,309.3,359.1,0.24,none,True,Ras Al Khaimah,mixed,3.0,3.0,10.0,2,1,257.4,1544.3999999999999,25.74,0.7771428571428572,0.7394999999999999,4.597577142857143,25.74,5.598601002267031,3,2.5986010022670314,understaffed
FUJ-01,2026-10-02,61,220.6,265.1,307.8,0.24,none,True,Fujairah,suburban,3.0,3.4,9.0,2,1,220.6,1411.8400000000001,23.53066666666667,0.7771428571428572,0.7394999999999999,4.597577142857143,23.53066666666667,5.118058041336886,3,2.1180580413368864,understaffed
DXB-01,2026-10-03,62,912.7,1096.7,1273.0,0.24,none,True,Dubai,urban_dense,2.6,2.0,13.0,5,4,912.7,4198.42,69.97366666666667,0.7771428571428572,0.7394999999999999,4.597577142857143,69.97366666666667,15.219682996592823,9,6.219682996592823,understaffed
DXB-02,2026-10-03,62,794.9,955.2,1108.7,0.24,none,True,Dubai,urban_dense,2.6,2.0,13.0,5,3,794.9,3656.5399999999995,60.94233333333332,0.7771428571428572,0.7394999999999999,4.597577142857143,60.94233333333332,13.25531501478211,8,5.255315014782109,understaffed
DXB-03,2026-10-03,62,603.5,725.2,841.8,0.24,none,True,Dubai,suburban,3.0,3.4,9.0,5,2,603.5,3862.4,64.37333333333333,0.7771428571428572,0.7394999999999999,4.597577142857143,64.37333333333333,14.001577642551272,7,7.001577642551272,understaffed
DXB-04,2026-10-03,62,449.0,539.5,626.2,0.24,none,True,Dubai,industrial_b2b,4.2,4.8,6.5,5,3,449.0,4041.0,67.35,0.7771428571428572,0.7394999999999999,4.597577142857143,67.35,14.649020104999401,8,6.649020104999401,understaffed
AUH-01,2026-10-03,62,706.6,849.0,985.5,0.24,none,True,Abu Dhabi,urban_dense,2.6,2.0,13.0,3,3,706.6,3250.3599999999997,54.172666666666665,0.7771428571428572,0.7394999999999999,4.597577142857143,54.172666666666665,11.782872800912115,6,5.782872800912115,understaffed
AUH-02,2026-10-03,62,515.2,619.1,718.6,0.24,none,True,Abu Dhabi,suburban,3.0,3.4,9.0,4,2,515.2,3297.2800000000007,54.954666666666675,0.7771428571428572,0.7394999999999999,4.597577142857143,54.954666666666675,11.952962388471278,6,5.952962388471278,understaffed
AUH-03,2026-10-03,62,382.7,459.9,533.8,0.24,none,True,Abu Dhabi,industrial_b2b,4.2,4.8,6.5,5,2,382.7,3444.2999999999997,57.404999999999994,0.7771428571428572,0.7394999999999999,4.597577142857143,57.404999999999994,12.485924263214411,7,5.485924263214411,understaffed
SHJ-01,2026-10-03,62,574.1,689.8,800.8,0.24,none,True,Sharjah,suburban,3.0,3.4,9.0,4,3,574.1,3674.2400000000002,61.23733333333334,0.7771428571428572,0.7394999999999999,4.597577142857143,61.23733333333334,13.319479245383075,7,6.319479245383075,understaffed
SHJ-02,2026-10-03,62,441.6,530.6,616.0,0.24,none,True,Sharjah,mixed,3.0,3.0,10.0,2,3,441.6,2649.6000000000004,44.160000000000004,0.7771428571428572,0.7394999999999999,4.597577142857143,44.160000000000004,9.60505906216442,5,4.60505906216442,understaffed
AAN-01,2026-10-03,62,279.7,336.1,390.1,0.24,none,True,Al Ain,mixed,3.0,3.0,10.0,2,2,279.7,1678.1999999999998,27.969999999999995,0.7771428571428572,0.7394999999999999,4.597577142857143,27.969999999999995,6.083639084437019,4,2.083639084437019,understaffed
RAK-01,2026-10-03,62,257.6,309.5,359.3,0.24,none,True,Ras Al Khaimah,mixed,3.0,3.0,10.0,2,1,257.6,1545.6000000000001,25.76,0.7771428571428572,0.7394999999999999,4.597577142857143,25.76,5.602951119595911,3,2.602951119595911,understaffed
FUJ-01,2026-10-03,62,220.8,265.3,308.0,0.24,none,True,Fujairah,suburban,3.0,3.4,9.0,2,1,220.8,1413.1200000000001,23.552000000000003,0.7771428571428572,0.7394999999999999,4.597577142857143,23.552000000000003,5.122698166487691,3,2.122698166487691,understaffed
DXB-01,2026-10-04,63,774.0,939.8,1098.7,0.255,none,False,Dubai,urban_dense,2.6,2.0,13.0,5,4,774.0,3560.3999999999996,59.339999999999996,0.7771428571428572,0.7394999999999999,4.597577142857143,59.339999999999996,12.906798114783436,9,3.9067981147834363,understaffed
DXB-02,2026-10-04,63,674.1,818.5,956.9,0.255,none,False,Dubai,urban_dense,2.6,2.0,13.0,5,3,674.1,3100.8599999999997,51.681,0.7771428571428572,0.7394999999999999,4.597577142857143,51.681,11.240920683689296,8,3.2409206836892963,understaffed
DXB-03,2026-10-04,63,511.8,621.5,726.5,0.255,none,False,Dubai,suburban,3.0,3.4,9.0,5,2,511.8,3275.5200000000004,54.592000000000006,0.7771428571428572,0.7394999999999999,4.597577142857143,54.592000000000006,11.87408026090761,7,4.8740802609076095,understaffed
DXB-04,2026-10-04,63,380.8,462.3,540.5,0.255,none,False,Dubai,industrial_b2b,4.2,4.8,6.5,5,3,380.8,3427.2000000000003,57.120000000000005,0.7771428571428572,0.7394999999999999,4.597577142857143,57.120000000000005,12.42393509127789,8,4.42393509127789,understaffed
AUH-01,2026-10-04,63,599.2,727.6,850.6,0.255,none,False,Abu Dhabi,urban_dense,2.6,2.0,13.0,3,3,599.2,2756.32,45.93866666666667,0.7771428571428572,0.7394999999999999,4.597577142857143,45.93866666666667,9.991929496612709,6,3.991929496612709,understaffed
AUH-02,2026-10-04,63,436.9,530.5,620.2,0.255,none,False,Abu Dhabi,suburban,3.0,3.4,9.0,4,2,436.9,2796.16,46.602666666666664,0.7771428571428572,0.7394999999999999,4.597577142857143,46.602666666666664,10.136353391931484,6,4.136353391931484,understaffed
AUH-03,2026-10-04,63,324.6,394.1,460.7,0.255,none,False,Abu Dhabi,industrial_b2b,4.2,4.8,6.5,5,2,324.6,2921.4,48.690000000000005,0.7771428571428572,0.7394999999999999,4.597577142857143,48.690000000000005,10.59036063715547,7,3.59036063715547,understaffed
SHJ-01,2026-10-04,63,486.9,591.2,691.1,0.255,none,False,Sharjah,suburban,3.0,3.4,9.0,4,3,486.9,3116.16,51.936,0.7771428571428572,0.7394999999999999,4.597577142857143,51.936,11.296384679632501,7,4.296384679632501,understaffed
SHJ-02,2026-10-04,63,374.5,454.7,531.6,0.255,none,False,Sharjah,mixed,3.0,3.0,10.0,2,3,374.5,2247.0,37.45,0.7771428571428572,0.7394999999999999,4.597577142857143,37.45,8.145594698325578,5,3.145594698325578,understaffed
AAN-01,2026-10-04,63,237.2,288.0,336.7,0.255,none,False,Al Ain,mixed,3.0,3.0,10.0,2,2,237.2,1423.1999999999998,23.719999999999995,0.7771428571428572,0.7394999999999999,4.597577142857143,23.719999999999995,5.159239152050271,4,1.1592391520502714,understaffed
RAK-01,2026-10-04,63,218.5,265.3,310.1,0.255,none,False,Ras Al Khaimah,mixed,3.0,3.0,10.0,2,1,218.5,1311.0,21.85,0.7771428571428572,0.7394999999999999,4.597577142857143,21.85,4.752503181800103,3,1.752503181800103,understaffed
FUJ-01,2026-10-04,63,187.3,227.4,265.8,0.255,none,False,Fujairah,suburban,3.0,3.4,9.0,2,1,187.3,1198.72,19.978666666666665,0.7771428571428572,0.7394999999999999,4.597577142857143,19.978666666666665,4.3454772037280085,3,1.3454772037280085,understaffed
DXB-01,2026-10-05,64,774.6,940.5,1099.5,0.255,none,False,Dubai,urban_dense,2.6,2.0,13.0,5,4,774.6,3563.16,59.385999999999996,0.7771428571428572,0.7394999999999999,4.597577142857143,59.385999999999996,12.916803384639858,9,3.9168033846398576,understaffed
DXB-02,2026-10-05,64,674.6,819.1,957.6,0.255,none,False,Dubai,urban_dense,2.6,2.0,13.0,5,3,674.6,3103.16,51.71933333333333,0.7771428571428572,0.7394999999999999,4.597577142857143,51.71933333333333,11.249258408569647,8,3.2492584085696468,understaffed
DXB-03,2026-10-05,64,512.2,621.9,727.1,0.255,none,False,Dubai,suburban,3.0,3.4,9.0,5,2,512.2,3278.0800000000004,54.634666666666675,0.7771428571428572,0.7394999999999999,4.597577142857143,54.634666666666675,11.883360511209217,7,4.883360511209217,understaffed
DXB-04,2026-10-05,64,381.0,462.7,540.9,0.255,none,False,Dubai,industrial_b2b,4.2,4.8,6.5,5,3,381.0,3429.0,57.15,0.7771428571428572,0.7394999999999999,4.597577142857143,57.15,12.430460267271208,8,4.430460267271208,understaffed
AUH-01,2026-10-05,64,599.7,728.1,851.2,0.255,none,False,Abu Dhabi,urban_dense,2.6,2.0,13.0,3,3,599.7,2758.62,45.977,0.7771428571428572,0.7394999999999999,4.597577142857143,45.977,10.000267221493058,6,4.000267221493058,understaffed
AUH-02,2026-10-05,64,437.3,530.9,620.7,0.255,none,False,Abu Dhabi,suburban,3.0,3.4,9.0,4,2,437.3,2798.7200000000003,46.64533333333334,0.7771428571428572,0.7394999999999999,4.597577142857143,46.64533333333334,10.145633642233093,6,4.1456336422330935,understaffed
AUH-03,2026-10-05,64,324.8,394.4,461.1,0.255,none,False,Abu Dhabi,industrial_b2b,4.2,4.8,6.5,5,2,324.8,2923.2000000000003,48.720000000000006,0.7771428571428572,0.7394999999999999,4.597577142857143,48.720000000000006,10.59688581314879,7,3.5968858131487895,understaffed
SHJ-01,2026-10-05,64,487.2,591.6,691.6,0.255,none,False,Sharjah,suburban,3.0,3.4,9.0,4,3,487.2,3118.08,51.967999999999996,0.7771428571428572,0.7394999999999999,4.597577142857143,51.967999999999996,11.303344867358707,7,4.303344867358707,understaffed
SHJ-02,2026-10-05,64,374.8,455.1,532.0,0.255,none,False,Sharjah,mixed,3.0,3.0,10.0,2,3,374.8,2248.8,37.480000000000004,0.7771428571428572,0.7394999999999999,4.597577142857143,37.480000000000004,8.152119874318895,5,3.1521198743188954,understaffed
AAN-01,2026-10-05,64,237.4,288.2,336.9,0.255,none,False,Al Ain,mixed,3.0,3.0,10.0,2,2,237.4,1424.4,23.740000000000002,0.7771428571428572,0.7394999999999999,4.597577142857143,23.740000000000002,5.163589269379151,4,1.163589269379151,understaffed
RAK-01,2026-10-05,64,218.6,265.5,310.3,0.255,none,False,Ras Al Khaimah,mixed,3.0,3.0,10.0,2,1,218.6,1311.6,21.86,0.7771428571428572,0.7394999999999999,4.597577142857143,21.86,4.754678240464543,3,1.7546782404645427,understaffed
FUJ-01,2026-10-05,64,187.4,227.5,266.0,0.255,none,False,Fujairah,suburban,3.0,3.4,9.0,2,1,187.4,1199.3600000000001,19.989333333333335,0.7771428571428572,0.7394999999999999,4.597577142857143,19.989333333333335,4.347797266303411,3,1.3477972663034112,understaffed
DXB-01,2026-10-06,65,775.1,941.2,1100.3,0.255,none,False,Dubai,urban_dense,2.6,2.0,13.0,5,4,775.1,3565.46,59.42433333333334,0.7771428571428572,0.7394999999999999,4.597577142857143,59.42433333333334,12.925141109520212,9,3.9251411095202116,understaffed
DXB-02,2026-10-06,65,675.1,819.7,958.3,0.255,none,False,Dubai,urban_dense,2.6,2.0,13.0,5,3,675.1,3105.46,51.757666666666665,0.7771428571428572,0.7394999999999999,4.597577142857143,51.757666666666665,11.257596133449997,8,3.257596133449997,understaffed
DXB-03,2026-10-06,65,512.6,622.4,727.6,0.255,none,False,Dubai,suburban,3.0,3.4,9.0,5,2,512.6,3280.6400000000003,54.67733333333334,0.7771428571428572,0.7394999999999999,4.597577142857143,54.67733333333334,11.892640761510824,7,4.892640761510824,understaffed
DXB-04,2026-10-06,65,381.3,463.0,541.3,0.255,none,False,Dubai,industrial_b2b,4.2,4.8,6.5,5,3,381.3,3431.7000000000003,57.19500000000001,0.7771428571428572,0.7394999999999999,4.597577142857143,57.19500000000001,12.440248031261186,8,4.440248031261186,understaffed
AUH-01,2026-10-06,65,600.1,728.6,851.8,0.255,none,False,Abu Dhabi,urban_dense,2.6,2.0,13.0,3,3,600.1,2760.46,46.007666666666665,0.7771428571428572,0.7394999999999999,4.597577142857143,46.007666666666665,10.00693740139734,6,4.006937401397339,understaffed
AUH-02,2026-10-06,65,437.6,531.3,621.1,0.255,none,False,Abu Dhabi,suburban,3.0,3.4,9.0,4,2,437.6,2800.6400000000003,46.67733333333334,0.7771428571428572,0.7394999999999999,4.597577142857143,46.67733333333334,10.152593829959299,6,4.152593829959299,understaffed
AUH-03,2026-10-06,65,325.1,394.7,461.4,0.255,none,False,Abu Dhabi,industrial_b2b,4.2,4.8,6.5,5,2,325.1,2925.9,48.765,0.7771428571428572,0.7394999999999999,4.597577142857143,48.765,10.606673577138766,7,3.606673577138766,understaffed
SHJ-01,2026-10-06,65,487.6,592.0,692.1,0.255,none,False,Sharjah,suburban,3.0,3.4,9.0,4,3,487.6,3120.6400000000003,52.01066666666667,0.7771428571428572,0.7394999999999999,4.597577142857143,52.01066666666667,11.312625117660316,7,4.312625117660316,understaffed
SHJ-02,2026-10-06,65,375.1,455.4,532.4,0.255,none,False,Sharjah,mixed,3.0,3.0,10.0,2,3,375.1,2250.6000000000004,37.510000000000005,0.7771428571428572,0.7394999999999999,4.597577142857143,37.510000000000005,8.158645050312215,5,3.1586450503122148,understaffed
AAN-01,2026-10-06,65,237.5,288.4,337.2,0.255,none,False,Al Ain,mixed,3.0,3.0,10.0,2,2,237.5,1425.0,23.75,0.7771428571428572,0.7394999999999999,4.597577142857143,23.75,5.16576432804359,4,1.1657643280435899,understaffed
RAK-01,2026-10-06,65,218.8,265.6,310.6,0.255,none,False,Ras Al Khaimah,mixed,3.0,3.0,10.0,2,1,218.8,1312.8000000000002,21.880000000000003,0.7771428571428572,0.7394999999999999,4.597577142857143,21.880000000000003,4.759028357793421,3,1.7590283577934214,understaffed
FUJ-01,2026-10-06,65,187.5,227.7,266.2,0.255,none,False,Fujairah,suburban,3.0,3.4,9.0,2,1,187.5,1200.0,20.0,0.7771428571428572,0.7394999999999999,4.597577142857143,20.0,4.350117328878813,3,1.350117328878813,understaffed
DXB-01,2026-10-07,66,775.7,941.8,1101.1,0.255,none,False,Dubai,urban_dense,2.6,2.0,13.0,5,4,775.7,3568.22,59.47033333333333,0.7771428571428572,0.7394999999999999,4.597577142857143,59.47033333333333,12.935146379376631,9,3.935146379376631,understaffed
DXB-02,2026-10-07,66,675.6,820.3,959.0,0.255,none,False,Dubai,urban_dense,2.6,2.0,13.0,5,3,675.6,3107.7599999999998,51.796,0.7771428571428572,0.7394999999999999,4.597577142857143,51.796,11.26593385833035,8,3.2659338583303494,understaffed
DXB-03,2026-10-07,66,513.0,622.8,728.1,0.255,none,False,Dubai,suburban,3.0,3.4,9.0,5,2,513.0,3283.2000000000003,54.720000000000006,0.7771428571428572,0.7394999999999999,4.597577142857143,54.720000000000006,11.901921011812433,7,4.9019210118124334,understaffed
DXB-04,2026-10-07,66,381.6,463.3,541.7,0.255,none,False,Dubai,industrial_b2b,4.2,4.8,6.5,5,3,381.6,3434.4,57.24,0.7771428571428572,0.7394999999999999,4.597577142857143,57.24,12.450035795251162,8,4.450035795251162,understaffed
AUH-01,2026-10-07,66,600.5,729.2,852.4,0.255,none,False,Abu Dhabi,urban_dense,2.6,2.0,13.0,3,3,600.5,2762.2999999999997,46.03833333333333,0.7771428571428572,0.7394999999999999,4.597577142857143,46.03833333333333,10.013607581301619,6,4.013607581301619,understaffed
AUH-02,2026-10-07,66,437.9,531.7,621.6,0.255,none,False,Abu Dhabi,suburban,3.0,3.4,9.0,4,2,437.9,2802.56,46.70933333333333,0.7771428571428572,0.7394999999999999,4.597577142857143,46.70933333333333,10.159554017685505,6,4.159554017685505,understaffed
AUH-03,2026-10-07,66,325.3,395.0,461.7,0.255,none,False,Abu Dhabi,industrial_b2b,4.2,4.8,6.5,5,2,325.3,2927.7000000000003,48.795,0.7771428571428572,0.7394999999999999,4.597577142857143,48.795,10.613198753132083,7,3.6131987531320835,understaffed
SHJ-01,2026-10-07,66,487.9,592.4,692.6,0.255,none,False,Sharjah,suburban,3.0,3.4,9.0,4,3,487.9,3122.56,52.04266666666667,0.7771428571428572,0.7394999999999999,4.597577142857143,52.04266666666667,11.319585305386521,7,4.319585305386521,understaffed
SHJ-02,2026-10-07,66,375.3,455.7,532.8,0.255,none,False,Sharjah,mixed,3.0,3.0,10.0,2,3,375.3,2251.8,37.53,0.7771428571428572,0.7394999999999999,4.597577142857143,37.53,8.162995167641093,5,3.1629951676410926,understaffed
AAN-01,2026-10-07,66,237.7,288.6,337.4,0.255,none,False,Al Ain,mixed,3.0,3.0,10.0,2,2,237.7,1426.1999999999998,23.769999999999996,0.7771428571428572,0.7394999999999999,4.597577142857143,23.769999999999996,5.170114445372469,4,1.1701144453724686,understaffed
RAK-01,2026-10-07,66,218.9,265.8,310.8,0.255,none,False,Ras Al Khaimah,mixed,3.0,3.0,10.0,2,1,218.9,1313.4,21.89,0.7771428571428572,0.7394999999999999,4.597577142857143,21.89,4.761203416457861,3,1.7612034164578612,understaffed
FUJ-01,2026-10-07,66,187.7,227.9,266.4,0.255,none,False,Fujairah,suburban,3.0,3.4,9.0,2,1,187.7,1201.28,20.021333333333335,0.7771428571428572,0.7394999999999999,4.597577142857143,20.021333333333335,4.354757454029617,3,1.3547574540296168,understaffed
DXB-01,2026-10-08,67,776.2,942.5,1101.9,0.255,none,False,Dubai,urban_dense,2.6,2.0,13.0,5,4,776.2,3570.52,59.50866666666666,0.7771428571428572,0.7394999999999999,4.597577142857143,59.50866666666666,12.943484104256981,9,3.9434841042569815,understaffed
DXB-02,2026-10-08,67,676.1,820.9,959.7,0.255,none,False,Dubai,urban_dense,2.6,2.0,13.0,5,3,676.1,3110.06,51.83433333333333,0.7771428571428572,0.7394999999999999,4.597577142857143,51.83433333333333,11.2742715832107,8,3.2742715832107,understaffed
DXB-03,2026-10-08,67,513.3,623.3,728.6,0.255,none,False,Dubai,suburban,3.0,3.4,9.0,5,2,513.3,3285.12,54.751999999999995,0.7771428571428572,0.7394999999999999,4.597577142857143,54.751999999999995,11.908881199538637,7,4.908881199538637,understaffed
DXB-04,2026-10-08,67,381.9,463.7,542.0,0.255,none,False,Dubai,industrial_b2b,4.2,4.8,6.5,5,3,381.9,3437.1,57.285,0.7771428571428572,0.7394999999999999,4.597577142857143,57.285,12.459823559241139,8,4.459823559241139,understaffed
AUH-01,2026-10-08,67,601.0,729.7,853.0,0.255,none,False,Abu Dhabi,urban_dense,2.6,2.0,13.0,3,3,601.0,2764.6,46.07666666666667,0.7771428571428572,0.7394999999999999,4.597577142857143,46.07666666666667,10.021945306181973,6,4.021945306181973,understaffed
AUH-02,2026-10-08,67,438.2,532.1,622.0,0.255,none,False,Abu Dhabi,suburban,3.0,3.4,9.0,4,2,438.2,2804.48,46.74133333333334,0.7771428571428572,0.7394999999999999,4.597577142857143,46.74133333333334,10.166514205411712,6,4.166514205411712,understaffed
AUH-03,2026-10-08,67,325.5,395.2,462.1,0.255,none,False,Abu Dhabi,industrial_b2b,4.2,4.8,6.5,5,2,325.5,2929.5,48.825,0.7771428571428572,0.7394999999999999,4.597577142857143,48.825,10.619723929125403,7,3.619723929125403,understaffed
SHJ-01,2026-10-08,67,488.3,592.9,693.1,0.255,none,False,Sharjah,suburban,3.0,3.4,9.0,4,3,488.3,3125.1200000000003,52.08533333333334,0.7771428571428572,0.7394999999999999,4.597577142857143,52.08533333333334,11.32886555568813,7,4.328865555688131,understaffed
SHJ-02,2026-10-08,67,375.6,456.1,533.2,0.255,none,False,Sharjah,mixed,3.0,3.0,10.0,2,3,375.6,2253.6000000000004,37.56000000000001,0.7771428571428572,0.7394999999999999,4.597577142857143,37.56000000000001,8.169520343634412,5,3.169520343634412,understaffed
AAN-01,2026-10-08,67,237.9,288.8,337.7,0.255,none,False,Al Ain,mixed,3.0,3.0,10.0,2,2,237.9,1427.4,23.790000000000003,0.7771428571428572,0.7394999999999999,4.597577142857143,23.790000000000003,5.174464562701348,4,1.1744645627013481,understaffed
RAK-01,2026-10-08,67,219.1,266.0,311.0,0.255,none,False,Ras Al Khaimah,mixed,3.0,3.0,10.0,2,1,219.1,1314.6,21.91,0.7771428571428572,0.7394999999999999,4.597577142857143,21.91,4.76555353378674,3,1.7655535337867398,understaffed
FUJ-01,2026-10-08,67,187.8,228.0,266.6,0.255,none,False,Fujairah,suburban,3.0,3.4,9.0,2,1,187.8,1201.92,20.032,0.7771428571428572,0.7394999999999999,4.597577142857143,20.032,4.357077516605019,3,1.3570775166050186,understaffed
DXB-01,2026-10-09,68,916.6,1113.0,1301.1,0.255,none,True,Dubai,urban_dense,2.6,2.0,13.0,5,4,916.6,4216.36,70.27266666666667,0.7771428571428572,0.7394999999999999,4.597577142857143,70.27266666666667,15.28471725065956,9,6.284717250659559,understaffed
DXB-02,2026-10-09,68,798.3,969.4,1133.2,0.255,none,True,Dubai,urban_dense,2.6,2.0,13.0,5,3,798.3,3672.1799999999994,61.20299999999999,0.7771428571428572,0.7394999999999999,4.597577142857143,61.20299999999999,13.312011543968497,8,5.312011543968497,understaffed
DXB-03,2026-10-09,68,606.2,736.0,860.4,0.255,none,True,Dubai,suburban,3.0,3.4,9.0,5,2,606.2,3879.6800000000003,64.66133333333333,0.7771428571428572,0.7394999999999999,4.597577142857143,64.66133333333333,14.064219332087127,7,7.064219332087127,understaffed
DXB-04,2026-10-09,68,450.9,547.5,640.1,0.255,none,True,Dubai,industrial_b2b,4.2,4.8,6.5,5,3,450.9,4058.1,67.635,0.7771428571428572,0.7394999999999999,4.597577142857143,67.635,14.711009276935926,8,6.7110092769359255,understaffed
AUH-01,2026-10-09,68,709.6,861.6,1007.3,0.255,none,True,Abu Dhabi,urban_dense,2.6,2.0,13.0,3,3,709.6,3264.16,54.40266666666666,0.7771428571428572,0.7394999999999999,4.597577142857143,54.40266666666666,11.832899150194221,6,5.832899150194221,understaffed
AUH-02,2026-10-09,68,517.4,628.3,734.5,0.255,none,True,Abu Dhabi,suburban,3.0,3.4,9.0,4,2,517.4,3311.36,55.18933333333334,0.7771428571428572,0.7394999999999999,4.597577142857143,55.18933333333334,12.004003765130122,6,6.004003765130122,understaffed
AUH-03,2026-10-09,68,384.4,466.7,545.6,0.255,none,True,Abu Dhabi,industrial_b2b,4.2,4.8,6.5,5,2,384.4,3459.6,57.66,0.7771428571428572,0.7394999999999999,4.597577142857143,57.66,12.541388259157616,7,5.541388259157616,understaffed
SHJ-01,2026-10-09,68,576.6,700.1,818.4,0.255,none,True,Sharjah,suburban,3.0,3.4,9.0,4,3,576.6,3690.2400000000002,61.504000000000005,0.7771428571428572,0.7394999999999999,4.597577142857143,61.504000000000005,13.377480809768127,7,6.377480809768127,understaffed
SHJ-02,2026-10-09,68,443.5,538.5,629.6,0.255,none,True,Sharjah,mixed,3.0,3.0,10.0,2,3,443.5,2661.0,44.35,0.7771428571428572,0.7394999999999999,4.597577142857143,44.35,9.646385176788767,5,4.646385176788767,understaffed
AAN-01,2026-10-09,68,280.9,341.1,398.7,0.255,none,True,Al Ain,mixed,3.0,3.0,10.0,2,2,280.9,1685.3999999999999,28.089999999999996,0.7771428571428572,0.7394999999999999,4.597577142857143,28.089999999999996,6.109739788410292,4,2.109739788410292,understaffed
RAK-01,2026-10-09,68,258.7,314.1,367.3,0.255,none,True,Ras Al Khaimah,mixed,3.0,3.0,10.0,2,1,258.7,1552.1999999999998,25.869999999999997,0.7771428571428572,0.7394999999999999,4.597577142857143,25.869999999999997,5.626876764904744,3,2.626876764904744,understaffed
FUJ-01,2026-10-09,68,221.8,269.3,314.8,0.255,none,True,Fujairah,suburban,3.0,3.4,9.0,2,1,221.8,1419.5200000000002,23.65866666666667,0.7771428571428572,0.7394999999999999,4.597577142857143,23.65866666666667,5.14589879224171,3,2.1458987922417103,understaffed
DXB-01,2026-10-10,69,917.3,1113.8,1302.1,0.255,none,True,Dubai,urban_dense,2.6,2.0,13.0,5,4,917.3,4219.579999999999,70.32633333333332,0.7771428571428572,0.7394999999999999,4.597577142857143,70.32633333333332,15.296390065492048,9,6.296390065492048,understaffed
DXB-02,2026-10-10,69,798.9,970.1,1134.0,0.255,none,True,Dubai,urban_dense,2.6,2.0,13.0,5,3,798.9,3674.9399999999996,61.248999999999995,0.7771428571428572,0.7394999999999999,4.597577142857143,61.248999999999995,13.32201681382492,8,5.32201681382492,understaffed
DXB-03,2026-10-10,69,606.6,736.5,861.0,0.255,none,True,Dubai,suburban,3.0,3.4,9.0,5,2,606.6,3882.2400000000002,64.70400000000001,0.7771428571428572,0.7394999999999999,4.597577142857143,64.70400000000001,14.073499582388736,7,7.073499582388736,understaffed
DXB-04,2026-10-10,69,451.2,547.9,640.5,0.255,none,True,Dubai,industrial_b2b,4.2,4.8,6.5,5,3,451.2,4060.7999999999997,67.67999999999999,0.7771428571428572,0.7394999999999999,4.597577142857143,67.67999999999999,14.7207970409259,8,6.7207970409259,understaffed
AUH-01,2026-10-10,69,710.2,862.3,1008.0,0.255,none,True,Abu Dhabi,urban_dense,2.6,2.0,13.0,3,3,710.2,3266.92,54.44866666666667,0.7771428571428572,0.7394999999999999,4.597577142857143,54.44866666666667,11.842904420050642,6,5.842904420050642,understaffed
AUH-02,2026-10-10,69,517.8,628.7,735.0,0.255,none,True,Abu Dhabi,suburban,3.0,3.4,9.0,4,2,517.8,3313.92,55.232,0.7771428571428572,0.7394999999999999,4.597577142857143,55.232,12.01328401543173,6,6.013284015431729,understaffed
AUH-03,2026-10-10,69,384.7,467.1,546.0,0.255,none,True,Abu Dhabi,industrial_b2b,4.2,4.8,6.5,5,2,384.7,3462.2999999999997,57.705,0.7771428571428572,0.7394999999999999,4.597577142857143,57.705,12.551176023147594,7,5.551176023147594,understaffed
SHJ-01,2026-10-10,69,577.0,700.6,819.0,0.255,none,True,Sharjah,suburban,3.0,3.4,9.0,4,3,577.0,3692.8,61.54666666666667,0.7771428571428572,0.7394999999999999,4.597577142857143,61.54666666666667,13.386761060069734,7,6.386761060069734,understaffed
SHJ-02,2026-10-10,69,443.8,538.9,630.0,0.255,none,True,Sharjah,mixed,3.0,3.0,10.0,2,3,443.8,2662.8,44.38,0.7771428571428572,0.7394999999999999,4.597577142857143,44.38,9.652910352782087,5,4.6529103527820865,understaffed
AAN-01,2026-10-10,69,281.1,341.3,399.0,0.255,none,True,Al Ain,mixed,3.0,3.0,10.0,2,2,281.1,1686.6000000000001,28.110000000000003,0.7771428571428572,0.7394999999999999,4.597577142857143,28.110000000000003,6.114089905739172,4,2.1140899057391724,understaffed
RAK-01,2026-10-10,69,258.9,314.4,367.5,0.255,none,True,Ras Al Khaimah,mixed,3.0,3.0,10.0,2,1,258.9,1553.3999999999999,25.889999999999997,0.7771428571428572,0.7394999999999999,4.597577142857143,25.889999999999997,5.631226882233623,3,2.631226882233623,understaffed
FUJ-01,2026-10-10,69,221.9,269.5,315.0,0.255,none,True,Fujairah,suburban,3.0,3.4,9.0,2,1,221.9,1420.16,23.669333333333334,0.7771428571428572,0.7394999999999999,4.597577142857143,23.669333333333334,5.148218854817112,3,2.148218854817112,understaffed
DXB-01,2026-10-11,70,777.9,954.3,1123.4,0.27,none,False,Dubai,urban_dense,2.6,2.0,13.0,5,4,777.9,3578.3399999999997,59.638999999999996,0.7771428571428572,0.7394999999999999,4.597577142857143,59.638999999999996,12.971832368850174,9,3.9718323688501744,understaffed
DXB-02,2026-10-11,70,677.5,831.2,978.5,0.27,none,False,Dubai,urban_dense,2.6,2.0,13.0,5,3,677.5,3116.4999999999995,51.941666666666656,0.7771428571428572,0.7394999999999999,4.597577142857143,51.941666666666656,11.29761721287568,8,3.2976172128756804,understaffed
DXB-03,2026-10-11,70,514.4,631.1,742.9,0.27,none,False,Dubai,suburban,3.0,3.4,9.0,5,2,514.4,3292.16,54.86933333333333,0.7771428571428572,0.7394999999999999,4.597577142857143,54.86933333333333,11.93440188786806,7,4.934401887868059,understaffed
DXB-04,2026-10-11,70,382.7,469.5,552.7,0.27,none,False,Dubai,industrial_b2b,4.2,4.8,6.5,5,3,382.7,3444.2999999999997,57.404999999999994,0.7771428571428572,0.7394999999999999,4.597577142857143,57.404999999999994,12.485924263214411,8,4.485924263214411,understaffed
AUH-01,2026-10-11,70,602.3,738.8,869.7,0.27,none,False,Abu Dhabi,urban_dense,2.6,2.0,13.0,3,3,602.3,2770.5799999999995,46.176333333333325,0.7771428571428572,0.7394999999999999,4.597577142857143,46.176333333333325,10.043623390870883,6,4.0436233908708825,understaffed
AUH-02,2026-10-11,70,439.1,538.7,634.2,0.27,none,False,Abu Dhabi,suburban,3.0,3.4,9.0,4,2,439.1,2810.2400000000002,46.83733333333334,0.7771428571428572,0.7394999999999999,4.597577142857143,46.83733333333334,10.18739476859033,6,4.18739476859033,understaffed
AUH-03,2026-10-11,70,326.2,400.2,471.1,0.27,none,False,Abu Dhabi,industrial_b2b,4.2,4.8,6.5,5,2,326.2,2935.7999999999997,48.92999999999999,0.7771428571428572,0.7394999999999999,4.597577142857143,48.92999999999999,10.642562045102014,7,3.6425620451020144,understaffed
SHJ-01,2026-10-11,70,489.3,600.3,706.7,0.27,none,False,Sharjah,suburban,3.0,3.4,9.0,4,3,489.3,3131.5200000000004,52.19200000000001,0.7771428571428572,0.7394999999999999,4.597577142857143,52.19200000000001,11.35206618144215,7,4.352066181442151,understaffed
SHJ-02,2026-10-11,70,376.4,461.8,543.6,0.27,none,False,Sharjah,mixed,3.0,3.0,10.0,2,3,376.4,2258.3999999999996,37.63999999999999,0.7771428571428572,0.7394999999999999,4.597577142857143,37.63999999999999,8.186920812949925,5,3.186920812949925,understaffed
AAN-01,2026-10-11,70,238.4,292.5,344.3,0.27,none,False,Al Ain,mixed,3.0,3.0,10.0,2,2,238.4,1430.4,23.84,0.7771428571428572,0.7394999999999999,4.597577142857143,23.84,5.185339856023544,4,1.1853398560235444,understaffed
RAK-01,2026-10-11,70,219.6,269.4,317.1,0.27,none,False,Ras Al Khaimah,mixed,3.0,3.0,10.0,2,1,219.6,1317.6,21.959999999999997,0.7771428571428572,0.7394999999999999,4.597577142857143,21.959999999999997,4.776428827108936,3,1.7764288271089361,understaffed
FUJ-01,2026-10-11,70,188.2,230.9,271.8,0.27,none,False,Fujairah,suburban,3.0,3.4,9.0,2,1,188.2,1204.48,20.074666666666666,0.7771428571428572,0.7394999999999999,4.597577142857143,20.074666666666666,4.366357766906627,3,1.366357766906627,understaffed
DXB-01,2026-10-12,71,778.5,955.0,1124.2,0.27,none,False,Dubai,urban_dense,2.6,2.0,13.0,5,4,778.5,3581.1,59.684999999999995,0.7771428571428572,0.7394999999999999,4.597577142857143,59.684999999999995,12.981837638706596,9,3.9818376387065957,understaffed
DXB-02,2026-10-12,71,678.0,831.8,979.2,0.27,none,False,Dubai,urban_dense,2.6,2.0,13.0,5,3,678.0,3118.7999999999997,51.98,0.7771428571428572,0.7394999999999999,4.597577142857143,51.98,11.305954937756034,8,3.3059549377560344,understaffed
DXB-03,2026-10-12,71,514.8,631.6,743.4,0.27,none,False,Dubai,suburban,3.0,3.4,9.0,5,2,514.8,3294.72,54.912,0.7771428571428572,0.7394999999999999,4.597577142857143,54.912,11.943682138169669,7,4.9436821381696685,understaffed
DXB-04,2026-10-12,71,383.0,469.8,553.0,0.27,none,False,Dubai,industrial_b2b,4.2,4.8,6.5,5,3,383.0,3447.0,57.45,0.7771428571428572,0.7394999999999999,4.597577142857143,57.45,12.495712027204391,8,4.495712027204391,understaffed
AUH-01,2026-10-12,71,602.7,739.4,870.4,0.27,none,False,Abu Dhabi,urban_dense,2.6,2.0,13.0,3,3,602.7,2772.42,46.207,0.7771428571428572,0.7394999999999999,4.597577142857143,46.207,10.050293570775166,6,4.050293570775166,understaffed
AUH-02,2026-10-12,71,439.5,539.1,634.6,0.27,none,False,Abu Dhabi,suburban,3.0,3.4,9.0,4,2,439.5,2812.8,46.88,0.7771428571428572,0.7394999999999999,4.597577142857143,46.88,10.196675018891938,6,4.196675018891938,understaffed
AUH-03,2026-10-12,71,326.5,400.5,471.5,0.27,none,False,Abu Dhabi,industrial_b2b,4.2,4.8,6.5,5,2,326.5,2938.5,48.975,0.7771428571428572,0.7394999999999999,4.597577142857143,48.975,10.652349809091993,7,3.6523498090919926,understaffed
SHJ-01,2026-10-12,71,489.7,600.7,707.2,0.27,none,False,Sharjah,suburban,3.0,3.4,9.0,4,3,489.7,3134.08,52.23466666666666,0.7771428571428572,0.7394999999999999,4.597577142857143,52.23466666666666,11.361346431743756,7,4.3613464317437565,understaffed
SHJ-02,2026-10-12,71,376.7,462.1,544.0,0.27,none,False,Sharjah,mixed,3.0,3.0,10.0,2,3,376.7,2260.2,37.669999999999995,0.7771428571428572,0.7394999999999999,4.597577142857143,37.669999999999995,8.193445988943242,5,3.1934459889432425,understaffed
AAN-01,2026-10-12,71,238.6,292.7,344.5,0.27,none,False,Al Ain,mixed,3.0,3.0,10.0,2,2,238.6,1431.6,23.86,0.7771428571428572,0.7394999999999999,4.597577142857143,23.86,5.189689973352424,4,1.189689973352424,understaffed
RAK-01,2026-10-12,71,219.7,269.6,317.3,0.27,none,False,Ras Al Khaimah,mixed,3.0,3.0,10.0,2,1,219.7,1318.1999999999998,21.969999999999995,0.7771428571428572,0.7394999999999999,4.597577142857143,21.969999999999995,4.778603885773375,3,1.778603885773375,understaffed
FUJ-01,2026-10-12,71,188.3,231.1,272.0,0.27,none,False,Fujairah,suburban,3.0,3.4,9.0,2,1,188.3,1205.1200000000001,20.085333333333335,0.7771428571428572,0.7394999999999999,4.597577142857143,20.085333333333335,4.36867782948203,3,1.3686778294820297,understaffed
DXB-01,2026-10-13,72,779.0,955.7,1125.0,0.27,none,False,Dubai,urban_dense,2.6,2.0,13.0,5,4,779.0,3583.3999999999996,59.72333333333333,0.7771428571428572,0.7394999999999999,4.597577142857143,59.72333333333333,12.990175363586948,9,3.990175363586948,understaffed
DXB-02,2026-10-13,72,678.5,832.4,979.9,0.27,none,False,Dubai,urban_dense,2.6,2.0,13.0,5,3,678.5,3121.1,52.01833333333333,0.7771428571428572,0.7394999999999999,4.597577142857143,52.01833333333333,11.314292662636385,8,3.314292662636385,understaffed
DXB-03,2026-10-13,72,515.2,632.0,744.0,0.27,none,False,Dubai,suburban,3.0,3.4,9.0,5,2,515.2,3297.2800000000007,54.954666666666675,0.7771428571428572,0.7394999999999999,4.597577142857143,54.954666666666675,11.952962388471278,7,4.952962388471278,understaffed
DXB-04,2026-10-13,72,383.2,470.1,553.4,0.27,none,False,Dubai,industrial_b2b,4.2,4.8,6.5,5,3,383.2,3448.7999999999997,57.48,0.7771428571428572,0.7394999999999999,4.597577142857143,57.48,12.502237203197707,8,4.502237203197707,understaffed
AUH-01,2026-10-13,72,603.1,739.9,871.0,0.27,none,False,Abu Dhabi,urban_dense,2.6,2.0,13.0,3,3,603.1,2774.2599999999998,46.23766666666666,0.7771428571428572,0.7394999999999999,4.597577142857143,46.23766666666666,10.056963750679445,6,4.056963750679445,understaffed
AUH-02,2026-10-13,72,439.8,539.5,635.1,0.27,none,False,Abu Dhabi,suburban,3.0,3.4,9.0,4,2,439.8,2814.7200000000003,46.912000000000006,0.7771428571428572,0.7394999999999999,4.597577142857143,46.912000000000006,10.203635206618145,6,4.203635206618145,understaffed
AUH-03,2026-10-13,72,326.7,400.8,471.8,0.27,none,False,Abu Dhabi,industrial_b2b,4.2,4.8,6.5,5,2,326.7,2940.2999999999997,49.004999999999995,0.7771428571428572,0.7394999999999999,4.597577142857143,49.004999999999995,10.65887498508531,7,3.65887498508531,understaffed
SHJ-01,2026-10-13,72,490.0,601.2,707.7,0.27,none,False,Sharjah,suburban,3.0,3.4,9.0,4,3,490.0,3136.0,52.266666666666666,0.7771428571428572,0.7394999999999999,4.597577142857143,52.266666666666666,11.368306619469964,7,4.368306619469964,understaffed
SHJ-02,2026-10-13,72,376.9,462.4,544.4,0.27,none,False,Sharjah,mixed,3.0,3.0,10.0,2,3,376.9,2261.3999999999996,37.68999999999999,0.7771428571428572,0.7394999999999999,4.597577142857143,37.68999999999999,8.19779610627212,5,3.1977961062721203,understaffed
AAN-01,2026-10-13,72,238.7,292.9,344.8,0.27,none,False,Al Ain,mixed,3.0,3.0,10.0,2,2,238.7,1432.1999999999998,23.869999999999997,0.7771428571428572,0.7394999999999999,4.597577142857143,23.869999999999997,5.191865032016863,4,1.191865032016863,understaffed
RAK-01,2026-10-13,72,219.9,269.8,317.6,0.27,none,False,Ras Al Khaimah,mixed,3.0,3.0,10.0,2,1,219.9,1319.4,21.990000000000002,0.7771428571428572,0.7394999999999999,4.597577142857143,21.990000000000002,4.7829540031022555,3,1.7829540031022555,understaffed
FUJ-01,2026-10-13,72,188.5,231.2,272.2,0.27,none,False,Fujairah,suburban,3.0,3.4,9.0,2,1,188.5,1206.4,20.10666666666667,0.7771428571428572,0.7394999999999999,4.597577142857143,20.10666666666667,4.373317954632833,3,1.3733179546328333,understaffed
DXB-01,2026-10-14,73,779.6,956.4,1125.8,0.27,none,False,Dubai,urban_dense,2.6,2.0,13.0,5,4,779.6,3586.16,59.76933333333333,0.7771428571428572,0.7394999999999999,4.597577142857143,59.76933333333333,13.00018063344337,9,4.000180633443369,understaffed
DXB-02,2026-10-14,73,679.0,833.0,980.6,0.27,none,False,Dubai,urban_dense,2.6,2.0,13.0,5,3,679.0,3123.3999999999996,52.05666666666666,0.7771428571428572,0.7394999999999999,4.597577142857143,52.05666666666666,11.322630387516735,8,3.3226303875167353,understaffed
DXB-03,2026-10-14,73,515.5,632.5,744.5,0.27,none,False,Dubai,suburban,3.0,3.4,9.0,5,2,515.5,3299.2000000000003,54.98666666666667,0.7771428571428572,0.7394999999999999,4.597577142857143,54.98666666666667,11.959922576197483,7,4.959922576197483,understaffed
DXB-04,2026-10-14,73,383.5,470.5,553.8,0.27,none,False,Dubai,industrial_b2b,4.2,4.8,6.5,5,3,383.5,3451.5,57.525,0.7771428571428572,0.7394999999999999,4.597577142857143,57.525,12.512024967187685,8,4.512024967187685,understaffed
AUH-01,2026-10-14,73,603.6,740.4,871.6,0.27,none,False,Abu Dhabi,urban_dense,2.6,2.0,13.0,3,3,603.6,2776.56,46.275999999999996,0.7771428571428572,0.7394999999999999,4.597577142857143,46.275999999999996,10.065301475559796,6,4.065301475559796,understaffed
AUH-02,2026-10-14,73,440.1,539.9,635.6,0.27,none,False,Abu Dhabi,suburban,3.0,3.4,9.0,4,2,440.1,2816.6400000000003,46.944,0.7771428571428572,0.7394999999999999,4.597577142857143,46.944,10.21059539434435,6,4.210595394344351,understaffed
AUH-03,2026-10-14,73,326.9,401.1,472.1,0.27,none,False,Abu Dhabi,industrial_b2b,4.2,4.8,6.5,5,2,326.9,2942.1,49.035,0.7771428571428572,0.7394999999999999,4.597577142857143,49.035,10.665400161078628,7,3.6654001610786278,understaffed
SHJ-01,2026-10-14,73,490.4,601.6,708.2,0.27,none,False,Sharjah,suburban,3.0,3.4,9.0,4,3,490.4,3138.56,52.309333333333335,0.7771428571428572,0.7394999999999999,4.597577142857143,52.309333333333335,11.377586869771573,7,4.377586869771573,understaffed
SHJ-02,2026-10-14,73,377.2,462.8,544.8,0.27,none,False,Sharjah,mixed,3.0,3.0,10.0,2,3,377.2,2263.2,37.72,0.7771428571428572,0.7394999999999999,4.597577142857143,37.72,8.204321282265441,5,3.2043212822654414,understaffed
AAN-01,2026-10-14,73,238.9,293.1,345.0,0.27,none,False,Al Ain,mixed,3.0,3.0,10.0,2,2,238.9,1433.4,23.89,0.7771428571428572,0.7394999999999999,4.597577142857143,23.89,5.1962151493457425,4,1.1962151493457425,understaffed
RAK-01,2026-10-14,73,220.0,270.0,317.8,0.27,none,False,Ras Al Khaimah,mixed,3.0,3.0,10.0,2,1,220.0,1320.0,22.0,0.7771428571428572,0.7394999999999999,4.597577142857143,22.0,4.785129061766694,3,1.7851290617666944,understaffed
FUJ-01,2026-10-14,73,188.6,231.4,272.4,0.27,none,False,Fujairah,suburban,3.0,3.4,9.0,2,1,188.6,1207.04,20.11733333333333,0.7771428571428572,0.7394999999999999,4.597577142857143,20.11733333333333,4.375638017208234,3,1.3756380172082343,understaffed
DXB-01,2026-10-15,74,780.1,957.1,1126.6,0.27,none,False,Dubai,urban_dense,2.6,2.0,13.0,5,4,780.1,3588.46,59.80766666666667,0.7771428571428572,0.7394999999999999,4.597577142857143,59.80766666666667,13.008518358323721,9,4.008518358323721,understaffed
DXB-02,2026-10-15,74,679.5,833.6,981.3,0.27,none,False,Dubai,urban_dense,2.6,2.0,13.0,5,3,679.5,3125.7,52.095,0.7771428571428572,0.7394999999999999,4.597577142857143,52.095,11.330968112397088,8,3.3309681123970876,understaffed
DXB-03,2026-10-15,74,515.9,632.9,745.0,0.27,none,False,Dubai,suburban,3.0,3.4,9.0,5,2,515.9,3301.76,55.029333333333334,0.7771428571428572,0.7394999999999999,4.597577142857143,55.029333333333334,11.96920282649909,7,4.969202826499091,understaffed
DXB-04,2026-10-15,74,383.8,470.8,554.2,0.27,none,False,Dubai,industrial_b2b,4.2,4.8,6.5,5,3,383.8,3454.2000000000003,57.57000000000001,0.7771428571428572,0.7394999999999999,4.597577142857143,57.57000000000001,12.521812731177665,8,4.521812731177665,understaffed
AUH-01,2026-10-15,74,604.0,741.0,872.2,0.27,none,False,Abu Dhabi,urban_dense,2.6,2.0,13.0,3,3,604.0,2778.3999999999996,46.30666666666666,0.7771428571428572,0.7394999999999999,4.597577142857143,46.30666666666666,10.071971655464075,6,4.0719716554640755,understaffed
AUH-02,2026-10-15,74,440.4,540.3,636.0,0.27,none,False,Abu Dhabi,suburban,3.0,3.4,9.0,4,2,440.4,2818.56,46.976,0.7771428571428572,0.7394999999999999,4.597577142857143,46.976,10.217555582070556,6,4.217555582070556,understaffed
AUH-03,2026-10-15,74,327.2,401.4,472.5,0.27,none,False,Abu Dhabi,industrial_b2b,4.2,4.8,6.5,5,2,327.2,2944.7999999999997,49.08,0.7771428571428572,0.7394999999999999,4.597577142857143,49.08,10.675187925068606,7,3.675187925068606,understaffed
SHJ-01,2026-10-15,74,490.7,602.0,708.7,0.27,none,False,Sharjah,suburban,3.0,3.4,9.0,4,3,490.7,3140.48,52.34133333333333,0.7771428571428572,0.7394999999999999,4.597577142857143,52.34133333333333,11.384547057497779,7,4.3845470574977785,understaffed
SHJ-02,2026-10-15,74,377.5,463.1,545.2,0.27,none,False,Sharjah,mixed,3.0,3.0,10.0,2,3,377.5,2265.0,37.75,0.7771428571428572,0.7394999999999999,4.597577142857143,37.75,8.210846458258759,5,3.210846458258759,understaffed
AAN-01,2026-10-15,74,239.1,293.3,345.3,0.27,none,False,Al Ain,mixed,3.0,3.0,10.0,2,2,239.1,1434.6,23.91,0.7771428571428572,0.7394999999999999,4.597577142857143,23.91,5.200565266674621,4,1.2005652666746212,understaffed
RAK-01,2026-10-15,74,220.2,270.1,318.0,0.27,none,False,Ras Al Khaimah,mixed,3.0,3.0,10.0,2,1,220.2,1321.1999999999998,22.019999999999996,0.7771428571428572,0.7394999999999999,4.597577142857143,22.019999999999996,4.789479179095572,3,1.7894791790955722,understaffed
FUJ-01,2026-10-15,74,188.7,231.6,272.6,0.27,none,False,Fujairah,suburban,3.0,3.4,9.0,2,1,188.7,1207.68,20.128,0.7771428571428572,0.7394999999999999,4.597577142857143,20.128,4.377958079783637,3,1.377958079783637,understaffed
DXB-01,2026-10-16,75,921.2,1130.2,1330.4,0.27,none,True,Dubai,urban_dense,2.6,2.0,13.0,5,4,921.2,4237.5199999999995,70.62533333333333,0.7771428571428572,0.7394999999999999,4.597577142857143,70.62533333333333,15.361424319558788,9,6.361424319558788,understaffed
DXB-02,2026-10-16,75,802.4,984.3,1158.7,0.27,none,True,Dubai,urban_dense,2.6,2.0,13.0,5,3,802.4,3691.0399999999995,61.517333333333326,0.7771428571428572,0.7394999999999999,4.597577142857143,61.517333333333326,13.380380887987377,8,5.380380887987377,understaffed
DXB-03,2026-10-16,75,609.2,747.4,879.8,0.27,none,True,Dubai,suburban,3.0,3.4,9.0,5,2,609.2,3898.8800000000006,64.98133333333334,0.7771428571428572,0.7394999999999999,4.597577142857143,64.98133333333334,14.13382120934919,7,7.13382120934919,understaffed
DXB-04,2026-10-16,75,453.2,556.0,654.5,0.27,none,True,Dubai,industrial_b2b,4.2,4.8,6.5,5,3,453.2,4078.7999999999997,67.97999999999999,0.7771428571428572,0.7394999999999999,4.597577142857143,67.97999999999999,14.786048800859083,8,6.786048800859083,understaffed
AUH-01,2026-10-16,75,713.2,875.0,1030.0,0.27,none,True,Abu Dhabi,urban_dense,2.6,2.0,13.0,3,3,713.2,3280.72,54.678666666666665,0.7771428571428572,0.7394999999999999,4.597577142857143,54.678666666666665,11.892930769332748,6,5.892930769332748,understaffed
AUH-02,2026-10-16,75,520.0,638.0,751.0,0.27,none,True,Abu Dhabi,suburban,3.0,3.4,9.0,4,2,520.0,3328.0,55.46666666666667,0.7771428571428572,0.7394999999999999,4.597577142857143,55.46666666666667,12.064325392090575,6,6.064325392090575,understaffed
AUH-03,2026-10-16,75,386.3,473.9,557.9,0.27,none,True,Abu Dhabi,industrial_b2b,4.2,4.8,6.5,5,2,386.3,3476.7000000000003,57.94500000000001,0.7771428571428572,0.7394999999999999,4.597577142857143,57.94500000000001,12.603377431094142,7,5.603377431094142,understaffed
SHJ-01,2026-10-16,75,579.5,710.9,836.9,0.27,none,True,Sharjah,suburban,3.0,3.4,9.0,4,3,579.5,3708.8,61.81333333333334,0.7771428571428572,0.7394999999999999,4.597577142857143,61.81333333333334,13.444762624454786,7,6.4447626244547855,understaffed
SHJ-02,2026-10-16,75,445.8,546.9,643.7,0.27,none,True,Sharjah,mixed,3.0,3.0,10.0,2,3,445.8,2674.8,44.580000000000005,0.7771428571428572,0.7394999999999999,4.597577142857143,44.580000000000005,9.696411526070875,5,4.696411526070875,understaffed
AAN-01,2026-10-16,75,282.3,346.3,407.7,0.27,none,True,Al Ain,mixed,3.0,3.0,10.0,2,2,282.3,1693.8000000000002,28.230000000000004,0.7771428571428572,0.7394999999999999,4.597577142857143,28.230000000000004,6.1401906097124455,4,2.1401906097124455,understaffed
RAK-01,2026-10-16,75,260.0,319.0,375.5,0.27,none,True,Ras Al Khaimah,mixed,3.0,3.0,10.0,2,1,260.0,1560.0,26.0,0.7771428571428572,0.7394999999999999,4.597577142857143,26.0,5.655152527542457,3,2.655152527542457,understaffed
FUJ-01,2026-10-16,75,222.9,273.4,321.9,0.27,none,True,Fujairah,suburban,3.0,3.4,9.0,2,1,222.9,1426.5600000000002,23.776000000000003,0.7771428571428572,0.7394999999999999,4.597577142857143,23.776000000000003,5.171419480571133,3,2.1714194805711333,understaffed
DXB-01,2026-10-17,76,921.9,1131.0,1331.3,0.27,none,True,Dubai,urban_dense,2.6,2.0,13.0,5,4,921.9,4240.74,70.679,0.7771428571428572,0.7394999999999999,4.597577142857143,70.679,15.373097134391282,9,6.373097134391282,understaffed
DXB-02,2026-10-17,76,802.9,985.0,1159.6,0.27,none,True,Dubai,urban_dense,2.6,2.0,13.0,5,3,802.9,3693.3399999999997,61.55566666666666,0.7771428571428572,0.7394999999999999,4.597577142857143,61.55566666666666,13.388718612867727,8,5.388718612867727,understaffed
DXB-03,2026-10-17,76,609.6,747.9,880.4,0.27,none,True,Dubai,suburban,3.0,3.4,9.0,5,2,609.6,3901.4400000000005,65.02400000000002,0.7771428571428572,0.7394999999999999,4.597577142857143,65.02400000000002,14.143101459650799,7,7.143101459650799,understaffed
DXB-04,2026-10-17,76,453.5,556.4,654.9,0.27,none,True,Dubai,industrial_b2b,4.2,4.8,6.5,5,3,453.5,4081.5,68.025,0.7771428571428572,0.7394999999999999,4.597577142857143,68.025,14.795836564849063,8,6.795836564849063,understaffed
AUH-01,2026-10-17,76,713.7,875.6,1030.7,0.27,none,True,Abu Dhabi,urban_dense,2.6,2.0,13.0,3,3,713.7,3283.02,54.717,0.7771428571428572,0.7394999999999999,4.597577142857143,54.717,11.9012684942131,6,5.901268494213101,understaffed
AUH-02,2026-10-17,76,520.4,638.5,751.6,0.27,none,True,Abu Dhabi,suburban,3.0,3.4,9.0,4,2,520.4,3330.56,55.50933333333333,0.7771428571428572,0.7394999999999999,4.597577142857143,55.50933333333333,12.073605642392181,6,6.073605642392181,understaffed
AUH-03,2026-10-17,76,386.6,474.3,558.3,0.27,none,True,Abu Dhabi,industrial_b2b,4.2,4.8,6.5,5,2,386.6,3479.4,57.99,0.7771428571428572,0.7394999999999999,4.597577142857143,57.99,12.613165195084118,7,5.613165195084118,understaffed
SHJ-01,2026-10-17,76,579.9,711.4,837.5,0.27,none,True,Sharjah,suburban,3.0,3.4,9.0,4,3,579.9,3711.36,61.856,0.7771428571428572,0.7394999999999999,4.597577142857143,61.856,13.454042874756393,7,6.454042874756393,understaffed
SHJ-02,2026-10-17,76,446.1,547.2,644.2,0.27,none,True,Sharjah,mixed,3.0,3.0,10.0,2,3,446.1,2676.6000000000004,44.61000000000001,0.7771428571428572,0.7394999999999999,4.597577142857143,44.61000000000001,9.702936702064193,5,4.702936702064193,understaffed
AAN-01,2026-10-17,76,282.5,346.6,408.0,0.27,none,True,Al Ain,mixed,3.0,3.0,10.0,2,2,282.5,1695.0,28.25,0.7771428571428572,0.7394999999999999,4.597577142857143,28.25,6.144540727041323,4,2.1445407270413233,understaffed
RAK-01,2026-10-17,76,260.2,319.2,375.8,0.27,none,True,Ras Al Khaimah,mixed,3.0,3.0,10.0,2,1,260.2,1561.1999999999998,26.019999999999996,0.7771428571428572,0.7394999999999999,4.597577142857143,26.019999999999996,5.659502644871335,3,2.659502644871335,understaffed
FUJ-01,2026-10-17,76,223.0,273.6,322.1,0.27,none,True,Fujairah,suburban,3.0,3.4,9.0,2,1,223.0,1427.2,23.78666666666667,0.7771428571428572,0.7394999999999999,4.597577142857143,23.78666666666667,5.173739543146535,3,2.173739543146535,understaffed
DXB-01,2026-10-18,77,781.8,969.0,1148.4,0.285,none,False,Dubai,urban_dense,2.6,2.0,13.0,5,4,781.8,3596.2799999999993,59.93799999999999,0.7771428571428572,0.7394999999999999,4.597577142857143,59.93799999999999,13.03686662291691,9,4.036866622916911,understaffed
DXB-02,2026-10-18,77,680.9,844.0,1000.2,0.285,none,False,Dubai,urban_dense,2.6,2.0,13.0,5,3,680.9,3132.14,52.20233333333333,0.7771428571428572,0.7394999999999999,4.597577142857143,52.20233333333333,11.35431374206207,8,3.35431374206207,understaffed
DXB-03,2026-10-18,77,517.0,640.8,759.4,0.285,none,False,Dubai,suburban,3.0,3.4,9.0,5,2,517.0,3308.8,55.14666666666667,0.7771428571428572,0.7394999999999999,4.597577142857143,55.14666666666667,11.994723514828513,7,4.994723514828513,understaffed
DXB-04,2026-10-18,77,384.6,476.7,564.9,0.285,none,False,Dubai,industrial_b2b,4.2,4.8,6.5,5,3,384.6,3461.4,57.690000000000005,0.7771428571428572,0.7394999999999999,4.597577142857143,57.690000000000005,12.547913435150937,8,4.547913435150937,understaffed
AUH-01,2026-10-18,77,605.3,750.2,889.1,0.285,none,False,Abu Dhabi,urban_dense,2.6,2.0,13.0,3,3,605.3,2784.3799999999997,46.40633333333333,0.7771428571428572,0.7394999999999999,4.597577142857143,46.40633333333333,10.09364974015299,6,4.0936497401529905,understaffed
AUH-02,2026-10-18,77,441.4,547.0,648.3,0.285,none,False,Abu Dhabi,suburban,3.0,3.4,9.0,4,2,441.4,2824.96,47.08266666666667,0.7771428571428572,0.7394999999999999,4.597577142857143,47.08266666666667,10.240756207824576,6,4.240756207824576,understaffed
AUH-03,2026-10-18,77,327.9,406.3,481.6,0.285,none,False,Abu Dhabi,industrial_b2b,4.2,4.8,6.5,5,2,327.9,2951.1,49.184999999999995,0.7771428571428572,0.7394999999999999,4.597577142857143,49.184999999999995,10.69802604104522,7,3.6980260410452193,understaffed
SHJ-01,2026-10-18,77,491.8,609.5,722.4,0.285,none,False,Sharjah,suburban,3.0,3.4,9.0,4,3,491.8,3147.5200000000004,52.45866666666667,0.7771428571428572,0.7394999999999999,4.597577142857143,52.45866666666667,11.410067745827202,7,4.410067745827202,understaffed
SHJ-02,2026-10-18,77,378.3,468.9,555.7,0.285,none,False,Sharjah,mixed,3.0,3.0,10.0,2,3,378.3,2269.8,37.830000000000005,0.7771428571428572,0.7394999999999999,4.597577142857143,37.830000000000005,8.228246927574276,5,3.2282469275742756,understaffed
AAN-01,2026-10-18,77,239.6,296.9,351.9,0.285,none,False,Al Ain,mixed,3.0,3.0,10.0,2,2,239.6,1437.6,23.959999999999997,0.7771428571428572,0.7394999999999999,4.597577142857143,23.959999999999997,5.211440559996817,4,1.2114405599968174,understaffed
RAK-01,2026-10-18,77,220.7,273.5,324.1,0.285,none,False,Ras Al Khaimah,mixed,3.0,3.0,10.0,2,1,220.7,1324.1999999999998,22.069999999999997,0.7771428571428572,0.7394999999999999,4.597577142857143,22.069999999999997,4.800354472417769,3,1.8003544724177694,understaffed
FUJ-01,2026-10-18,77,189.2,234.4,277.8,0.285,none,False,Fujairah,suburban,3.0,3.4,9.0,2,1,189.2,1210.8799999999999,20.18133333333333,0.7771428571428572,0.7394999999999999,4.597577142857143,20.18133333333333,4.389558392660647,3,1.3895583926606472,understaffed
DXB-01,2026-10-19,78,782.4,969.7,1149.2,0.285,none,False,Dubai,urban_dense,2.6,2.0,13.0,5,4,782.4,3599.0399999999995,59.983999999999995,0.7771428571428572,0.7394999999999999,4.597577142857143,59.983999999999995,13.046871892773334,9,4.046871892773334,understaffed
DXB-02,2026-10-19,78,681.4,844.6,1000.9,0.285,none,False,Dubai,urban_dense,2.6,2.0,13.0,5,3,681.4,3134.4399999999996,52.24066666666666,0.7771428571428572,0.7394999999999999,4.597577142857143,52.24066666666666,11.36265146694242,8,3.3626514669424203,understaffed
DXB-03,2026-10-19,78,517.4,641.2,759.9,0.285,none,False,Dubai,suburban,3.0,3.4,9.0,5,2,517.4,3311.36,55.18933333333334,0.7771428571428572,0.7394999999999999,4.597577142857143,55.18933333333334,12.004003765130122,7,5.004003765130122,understaffed
DXB-04,2026-10-19,78,384.9,477.0,565.3,0.285,none,False,Dubai,industrial_b2b,4.2,4.8,6.5,5,3,384.9,3464.1,57.735,0.7771428571428572,0.7394999999999999,4.597577142857143,57.735,12.557701199140913,8,4.557701199140913,understaffed
AUH-01,2026-10-19,78,605.7,750.7,889.7,0.285,none,False,Abu Dhabi,urban_dense,2.6,2.0,13.0,3,3,605.7,2786.22,46.437,0.7771428571428572,0.7394999999999999,4.597577142857143,46.437,10.10031992005727,6,4.10031992005727,understaffed
AUH-02,2026-10-19,78,441.7,547.4,648.7,0.285,none,False,Abu Dhabi,suburban,3.0,3.4,9.0,4,2,441.7,2826.88,47.11466666666667,0.7771428571428572,0.7394999999999999,4.597577142857143,47.11466666666667,10.247716395550784,6,4.247716395550784,understaffed
AUH-03,2026-10-19,78,328.1,406.6,481.9,0.285,none,False,Abu Dhabi,industrial_b2b,4.2,4.8,6.5,5,2,328.1,2952.9,49.215,0.7771428571428572,0.7394999999999999,4.597577142857143,49.215,10.704551217038539,7,3.7045512170385386,understaffed
SHJ-01,2026-10-19,78,492.1,610.0,722.9,0.285,none,False,Sharjah,suburban,3.0,3.4,9.0,4,3,492.1,3149.4400000000005,52.49066666666668,0.7771428571428572,0.7394999999999999,4.597577142857143,52.49066666666668,11.41702793355341,7,4.41702793355341,understaffed
SHJ-02,2026-10-19,78,378.6,469.2,556.1,0.285,none,False,Sharjah,mixed,3.0,3.0,10.0,2,3,378.6,2271.6000000000004,37.86000000000001,0.7771428571428572,0.7394999999999999,4.597577142857143,37.86000000000001,8.234772103567595,5,3.234772103567595,understaffed
AAN-01,2026-10-19,78,239.8,297.2,352.2,0.285,none,False,Al Ain,mixed,3.0,3.0,10.0,2,2,239.8,1438.8000000000002,23.980000000000004,0.7771428571428572,0.7394999999999999,4.597577142857143,23.980000000000004,5.215790677325697,4,1.215790677325697,understaffed
RAK-01,2026-10-19,78,220.8,273.7,324.4,0.285,none,False,Ras Al Khaimah,mixed,3.0,3.0,10.0,2,1,220.8,1324.8000000000002,22.080000000000002,0.7771428571428572,0.7394999999999999,4.597577142857143,22.080000000000002,4.80252953108221,3,1.80252953108221,understaffed
FUJ-01,2026-10-19,78,189.3,234.6,278.0,0.285,none,False,Fujairah,suburban,3.0,3.4,9.0,2,1,189.3,1211.5200000000002,20.192000000000004,0.7771428571428572,0.7394999999999999,4.597577142857143,20.192000000000004,4.39187845523605,3,1.39187845523605,understaffed
DXB-01,2026-10-20,79,782.9,970.4,1150.0,0.285,none,False,Dubai,urban_dense,2.6,2.0,13.0,5,4,782.9,3601.3399999999997,60.02233333333333,0.7771428571428572,0.7394999999999999,4.597577142857143,60.02233333333333,13.055209617653686,9,4.055209617653686,understaffed
DXB-02,2026-10-20,79,681.9,845.2,1001.6,0.285,none,False,Dubai,urban_dense,2.6,2.0,13.0,5,3,681.9,3136.74,52.278999999999996,0.7771428571428572,0.7394999999999999,4.597577142857143,52.278999999999996,11.370989191822773,8,3.3709891918227726,understaffed
DXB-03,2026-10-20,79,517.7,641.7,760.5,0.285,none,False,Dubai,suburban,3.0,3.4,9.0,5,2,517.7,3313.2800000000007,55.22133333333334,0.7771428571428572,0.7394999999999999,4.597577142857143,55.22133333333334,12.01096395285633,7,5.010963952856329,understaffed
DXB-04,2026-10-20,79,385.2,477.4,565.7,0.285,none,False,Dubai,industrial_b2b,4.2,4.8,6.5,5,3,385.2,3466.7999999999997,57.779999999999994,0.7771428571428572,0.7394999999999999,4.597577142857143,57.779999999999994,12.56748896313089,8,4.56748896313089,understaffed
AUH-01,2026-10-20,79,606.1,751.3,890.3,0.285,none,False,Abu Dhabi,urban_dense,2.6,2.0,13.0,3,3,606.1,2788.06,46.467666666666666,0.7771428571428572,0.7394999999999999,4.597577142857143,46.467666666666666,10.106990099961552,6,4.106990099961552,understaffed
AUH-02,2026-10-20,79,442.0,547.8,649.2,0.285,none,False,Abu Dhabi,suburban,3.0,3.4,9.0,4,2,442.0,2828.8,47.14666666666667,0.7771428571428572,0.7394999999999999,4.597577142857143,47.14666666666667,10.25467658327699,6,4.254676583276989,understaffed
AUH-03,2026-10-20,79,328.3,406.9,482.3,0.285,none,False,Abu Dhabi,industrial_b2b,4.2,4.8,6.5,5,2,328.3,2954.7000000000003,49.245000000000005,0.7771428571428572,0.7394999999999999,4.597577142857143,49.245000000000005,10.711076393031858,7,3.711076393031858,understaffed
SHJ-01,2026-10-20,79,492.5,610.4,723.4,0.285,none,False,Sharjah,suburban,3.0,3.4,9.0,4,3,492.5,3152.0,52.53333333333333,0.7771428571428572,0.7394999999999999,4.597577142857143,52.53333333333333,11.426308183855015,7,4.426308183855015,understaffed
SHJ-02,2026-10-20,79,378.8,469.5,556.4,0.285,none,False,Sharjah,mixed,3.0,3.0,10.0,2,3,378.8,2272.8,37.88,0.7771428571428572,0.7394999999999999,4.597577142857143,37.88,8.239122220896473,5,3.2391222208964727,understaffed
AAN-01,2026-10-20,79,239.9,297.4,352.4,0.285,none,False,Al Ain,mixed,3.0,3.0,10.0,2,2,239.9,1439.4,23.990000000000002,0.7771428571428572,0.7394999999999999,4.597577142857143,23.990000000000002,5.217965735990137,4,1.2179657359901368,understaffed
RAK-01,2026-10-20,79,221.0,273.9,324.6,0.285,none,False,Ras Al Khaimah,mixed,3.0,3.0,10.0,2,1,221.0,1326.0,22.1,0.7771428571428572,0.7394999999999999,4.597577142857143,22.1,4.806879648411089,3,1.8068796484110887,understaffed
FUJ-01,2026-10-20,79,189.4,234.8,278.2,0.285,none,False,Fujairah,suburban,3.0,3.4,9.0,2,1,189.4,1212.16,20.20266666666667,0.7771428571428572,0.7394999999999999,4.597577142857143,20.20266666666667,4.394198517811452,3,1.3941985178114518,understaffed
DXB-01,2026-10-21,80,783.5,971.1,1150.8,0.285,none,False,Dubai,urban_dense,2.6,2.0,13.0,5,4,783.5,3604.1,60.068333333333335,0.7771428571428572,0.7394999999999999,4.597577142857143,60.068333333333335,13.065214887510107,9,4.065214887510107,understaffed
DXB-02,2026-10-21,80,682.4,845.8,1002.3,0.285,none,False,Dubai,urban_dense,2.6,2.0,13.0,5,3,682.4,3139.0399999999995,52.31733333333332,0.7771428571428572,0.7394999999999999,4.597577142857143,52.31733333333332,11.379326916703121,8,3.3793269167031212,understaffed
DXB-03,2026-10-21,80,518.1,642.2,761.0,0.285,none,False,Dubai,suburban,3.0,3.4,9.0,5,2,518.1,3315.84,55.264,0.7771428571428572,0.7394999999999999,4.597577142857143,55.264,12.020244203157937,7,5.020244203157937,understaffed
DXB-04,2026-10-21,80,385.4,477.7,566.1,0.285,none,False,Dubai,industrial_b2b,4.2,4.8,6.5,5,3,385.4,3468.6,57.809999999999995,0.7771428571428572,0.7394999999999999,4.597577142857143,57.809999999999995,12.574014139124207,8,4.574014139124207,understaffed
AUH-01,2026-10-21,80,606.6,751.8,891.0,0.285,none,False,Abu Dhabi,urban_dense,2.6,2.0,13.0,3,3,606.6,2790.3599999999997,46.50599999999999,0.7771428571428572,0.7394999999999999,4.597577142857143,46.50599999999999,10.115327824841902,6,4.115327824841902,understaffed
AUH-02,2026-10-21,80,442.3,548.2,649.7,0.285,none,False,Abu Dhabi,suburban,3.0,3.4,9.0,4,2,442.3,2830.7200000000003,47.17866666666667,0.7771428571428572,0.7394999999999999,4.597577142857143,47.17866666666667,10.261636771003195,6,4.261636771003195,understaffed
AUH-03,2026-10-21,80,328.6,407.2,482.6,0.285,none,False,Abu Dhabi,industrial_b2b,4.2,4.8,6.5,5,2,328.6,2957.4,49.29,0.7771428571428572,0.7394999999999999,4.597577142857143,49.29,10.720864157021834,7,3.7208641570218344,understaffed
SHJ-01,2026-10-21,80,492.8,610.8,723.9,0.285,none,False,Sharjah,suburban,3.0,3.4,9.0,4,3,492.8,3153.92,52.565333333333335,0.7771428571428572,0.7394999999999999,4.597577142857143,52.565333333333335,11.433268371581221,7,4.433268371581221,understaffed
SHJ-02,2026-10-21,80,379.1,469.9,556.8,0.285,none,False,Sharjah,mixed,3.0,3.0,10.0,2,3,379.1,2274.6000000000004,37.910000000000004,0.7771428571428572,0.7394999999999999,4.597577142857143,37.910000000000004,8.24564739688979,5,3.2456473968897903,understaffed
AAN-01,2026-10-21,80,240.1,297.6,352.7,0.285,none,False,Al Ain,mixed,3.0,3.0,10.0,2,2,240.1,1440.6,24.009999999999998,0.7771428571428572,0.7394999999999999,4.597577142857143,24.009999999999998,5.222315853319015,4,1.2223158533190146,understaffed
RAK-01,2026-10-21,80,221.1,274.1,324.8,0.285,none,False,Ras Al Khaimah,mixed,3.0,3.0,10.0,2,1,221.1,1326.6,22.11,0.7771428571428572,0.7394999999999999,4.597577142857143,22.11,4.809054707075528,3,1.8090547070755276,understaffed
FUJ-01,2026-10-21,80,189.6,234.9,278.4,0.285,none,False,Fujairah,suburban,3.0,3.4,9.0,2,1,189.6,1213.44,20.224,0.7771428571428572,0.7394999999999999,4.597577142857143,20.224,4.3988386429622555,3,1.3988386429622555,understaffed
DXB-01,2026-10-22,81,784.1,971.8,1151.6,0.285,none,False,Dubai,urban_dense,2.6,2.0,13.0,5,4,784.1,3606.8599999999997,60.11433333333333,0.7771428571428572,0.7394999999999999,4.597577142857143,60.11433333333333,13.075220157366529,9,4.0752201573665285,understaffed
DXB-02,2026-10-22,81,682.9,846.4,1003.0,0.285,none,False,Dubai,urban_dense,2.6,2.0,13.0,5,3,682.9,3141.3399999999997,52.355666666666664,0.7771428571428572,0.7394999999999999,4.597577142857143,52.355666666666664,11.387664641583475,8,3.3876646415834752,understaffed
DXB-03,2026-10-22,81,518.5,642.6,761.6,0.285,none,False,Dubai,suburban,3.0,3.4,9.0,5,2,518.5,3318.4,55.306666666666665,0.7771428571428572,0.7394999999999999,4.597577142857143,55.306666666666665,12.029524453459544,7,5.029524453459544,understaffed
DXB-04,2026-10-22,81,385.7,478.0,566.5,0.285,none,False,Dubai,industrial_b2b,4.2,4.8,6.5,5,3,385.7,3471.2999999999997,57.855,0.7771428571428572,0.7394999999999999,4.597577142857143,57.855,12.583801903114185,8,4.5838019031141854,understaffed
AUH-01,2026-10-22,81,607.0,752.3,891.6,0.285,none,False,Abu Dhabi,urban_dense,2.6,2.0,13.0,3,3,607.0,2792.2,46.53666666666666,0.7771428571428572,0.7394999999999999,4.597577142857143,46.53666666666666,10.121998004746183,6,4.1219980047461835,understaffed
AUH-02,2026-10-22,81,442.6,548.6,650.1,0.285,none,False,Abu Dhabi,suburban,3.0,3.4,9.0,4,2,442.6,2832.6400000000003,47.210666666666675,0.7771428571428572,0.7394999999999999,4.597577142857143,47.210666666666675,10.268596958729402,6,4.268596958729402,understaffed
AUH-03,2026-10-22,81,328.8,407.5,482.9,0.285,none,False,Abu Dhabi,industrial_b2b,4.2,4.8,6.5,5,2,328.8,2959.2000000000003,49.32000000000001,0.7771428571428572,0.7394999999999999,4.597577142857143,49.32000000000001,10.727389333015154,7,3.7273893330151537,understaffed
SHJ-01,2026-10-22,81,493.2,611.3,724.4,0.285,none,False,Sharjah,suburban,3.0,3.4,9.0,4,3,493.2,3156.48,52.608,0.7771428571428572,0.7394999999999999,4.597577142857143,52.608,11.442548621882828,7,4.442548621882828,understaffed
SHJ-02,2026-10-22,81,379.4,470.2,557.2,0.285,none,False,Sharjah,mixed,3.0,3.0,10.0,2,3,379.4,2276.3999999999996,37.93999999999999,0.7771428571428572,0.7394999999999999,4.597577142857143,37.93999999999999,8.252172572883106,5,3.252172572883106,understaffed
AAN-01,2026-10-22,81,240.3,297.8,352.9,0.285,none,False,Al Ain,mixed,3.0,3.0,10.0,2,2,240.3,1441.8000000000002,24.030000000000005,0.7771428571428572,0.7394999999999999,4.597577142857143,24.030000000000005,5.226665970647894,4,1.2266659706478942,understaffed
RAK-01,2026-10-22,81,221.3,274.3,325.1,0.285,none,False,Ras Al Khaimah,mixed,3.0,3.0,10.0,2,1,221.3,1327.8000000000002,22.130000000000003,0.7771428571428572,0.7394999999999999,4.597577142857143,22.130000000000003,4.813404824404407,3,1.8134048244044072,understaffed
FUJ-01,2026-10-22,81,189.7,235.1,278.6,0.285,none,False,Fujairah,suburban,3.0,3.4,9.0,2,1,189.7,1214.08,20.234666666666666,0.7771428571428572,0.7394999999999999,4.597577142857143,20.234666666666666,4.401158705537657,3,1.4011587055376573,understaffed
DXB-01,2026-10-23,82,925.8,1147.5,1359.9,0.285,none,True,Dubai,urban_dense,2.6,2.0,13.0,5,4,925.8,4258.679999999999,70.978,0.7771428571428572,0.7394999999999999,4.597577142857143,70.978,15.438131388458018,9,6.438131388458018,understaffed
DXB-02,2026-10-23,82,806.4,999.4,1184.4,0.285,none,True,Dubai,urban_dense,2.6,2.0,13.0,5,3,806.4,3709.4399999999996,61.82399999999999,0.7771428571428572,0.7394999999999999,4.597577142857143,61.82399999999999,13.447082687030184,8,5.447082687030184,understaffed
DXB-03,2026-10-23,82,612.2,758.8,899.3,0.285,none,True,Dubai,suburban,3.0,3.4,9.0,5,2,612.2,3918.0800000000004,65.30133333333335,0.7771428571428572,0.7394999999999999,4.597577142857143,65.30133333333335,14.203423086611252,7,7.203423086611252,understaffed
DXB-04,2026-10-23,82,455.5,564.5,669.0,0.285,none,True,Dubai,industrial_b2b,4.2,4.8,6.5,5,3,455.5,4099.5,68.325,0.7771428571428572,0.7394999999999999,4.597577142857143,68.325,14.861088324782244,8,6.861088324782244,understaffed
AUH-01,2026-10-23,82,716.8,888.4,1052.8,0.285,none,True,Abu Dhabi,urban_dense,2.6,2.0,13.0,3,3,716.8,3297.2799999999997,54.95466666666666,0.7771428571428572,0.7394999999999999,4.597577142857143,54.95466666666666,11.952962388471276,6,5.952962388471276,understaffed
AUH-02,2026-10-23,82,522.7,647.8,767.7,0.285,none,True,Abu Dhabi,suburban,3.0,3.4,9.0,4,2,522.7,3345.2800000000007,55.75466666666668,0.7771428571428572,0.7394999999999999,4.597577142857143,55.75466666666668,12.126967081626432,6,6.126967081626432,understaffed
AUH-03,2026-10-23,82,388.3,481.2,570.3,0.285,none,True,Abu Dhabi,industrial_b2b,4.2,4.8,6.5,5,2,388.3,3494.7000000000003,58.245000000000005,0.7771428571428572,0.7394999999999999,4.597577142857143,58.245000000000005,12.668629191027323,7,5.668629191027323,understaffed
SHJ-01,2026-10-23,82,582.4,721.8,855.4,0.285,none,True,Sharjah,suburban,3.0,3.4,9.0,4,3,582.4,3727.36,62.12266666666667,0.7771428571428572,0.7394999999999999,4.597577142857143,62.12266666666667,13.512044439141443,7,6.512044439141443,understaffed
SHJ-02,2026-10-23,82,448.0,555.2,658.0,0.285,none,True,Sharjah,mixed,3.0,3.0,10.0,2,3,448.0,2688.0,44.8,0.7771428571428572,0.7394999999999999,4.597577142857143,44.8,9.74426281668854,5,4.74426281668854,understaffed
AAN-01,2026-10-23,82,283.7,351.6,416.7,0.285,none,True,Al Ain,mixed,3.0,3.0,10.0,2,2,283.7,1702.1999999999998,28.369999999999997,0.7771428571428572,0.7394999999999999,4.597577142857143,28.369999999999997,6.170641431014595,4,2.1706414310145954,understaffed
RAK-01,2026-10-23,82,261.3,323.9,383.8,0.285,none,True,Ras Al Khaimah,mixed,3.0,3.0,10.0,2,1,261.3,1567.8000000000002,26.130000000000003,0.7771428571428572,0.7394999999999999,4.597577142857143,26.130000000000003,5.68342829018017,3,2.68342829018017,understaffed
FUJ-01,2026-10-23,82,224.0,277.6,329.0,0.285,none,True,Fujairah,suburban,3.0,3.4,9.0,2,1,224.0,1433.6000000000001,23.893333333333334,0.7771428571428572,0.7394999999999999,4.597577142857143,23.893333333333334,5.196940168900555,3,2.1969401689005554,understaffed
DXB-01,2026-10-24,83,926.5,1148.3,1360.9,0.285,none,True,Dubai,urban_dense,2.6,2.0,13.0,5,4,926.5,4261.9,71.03166666666667,0.7771428571428572,0.7394999999999999,4.597577142857143,71.03166666666667,15.44980420329051,9,6.44980420329051,understaffed
DXB-02,2026-10-24,83,807.0,1000.1,1185.3,0.285,none,True,Dubai,urban_dense,2.6,2.0,13.0,5,3,807.0,3712.2,61.87,0.7771428571428572,0.7394999999999999,4.597577142857143,61.87,13.457087956886607,8,5.457087956886607,understaffed
DXB-03,2026-10-24,83,612.7,759.4,899.9,0.285,none,True,Dubai,suburban,3.0,3.4,9.0,5,2,612.7,3921.2800000000007,65.35466666666667,0.7771428571428572,0.7394999999999999,4.597577142857143,65.35466666666667,14.215023399488262,7,7.2150233994882615,understaffed
DXB-04,2026-10-24,83,455.8,564.9,669.5,0.285,none,True,Dubai,industrial_b2b,4.2,4.8,6.5,5,3,455.8,4102.2,68.36999999999999,0.7771428571428572,0.7394999999999999,4.597577142857143,68.36999999999999,14.870876088772219,8,6.870876088772219,understaffed
AUH-01,2026-10-24,83,717.3,889.0,1053.6,0.285,none,True,Abu Dhabi,urban_dense,2.6,2.0,13.0,3,3,717.3,3299.5799999999995,54.99299999999999,0.7771428571428572,0.7394999999999999,4.597577142857143,54.99299999999999,11.961300113351625,6,5.961300113351625,understaffed
AUH-02,2026-10-24,83,523.0,648.2,768.2,0.285,none,True,Abu Dhabi,suburban,3.0,3.4,9.0,4,2,523.0,3347.2000000000003,55.78666666666667,0.7771428571428572,0.7394999999999999,4.597577142857143,55.78666666666667,12.133927269352636,6,6.133927269352636,understaffed
AUH-03,2026-10-24,83,388.5,481.5,570.7,0.285,none,True,Abu Dhabi,industrial_b2b,4.2,4.8,6.5,5,2,388.5,3496.5,58.275,0.7771428571428572,0.7394999999999999,4.597577142857143,58.275,12.67515436702064,7,5.675154367020641,understaffed
SHJ-01,2026-10-24,83,582.8,722.3,856.0,0.285,none,True,Sharjah,suburban,3.0,3.4,9.0,4,3,582.8,3729.92,62.165333333333336,0.7771428571428572,0.7394999999999999,4.597577142857143,62.165333333333336,13.521324689443052,7,6.521324689443052,understaffed
SHJ-02,2026-10-24,83,448.3,555.6,658.5,0.285,none,True,Sharjah,mixed,3.0,3.0,10.0,2,3,448.3,2689.8,44.830000000000005,0.7771428571428572,0.7394999999999999,4.597577142857143,44.830000000000005,9.75078799268186,5,4.750787992681859,understaffed
AAN-01,2026-10-24,83,283.9,351.9,417.0,0.285,none,True,Al Ain,mixed,3.0,3.0,10.0,2,2,283.9,1703.3999999999999,28.389999999999997,0.7771428571428572,0.7394999999999999,4.597577142857143,28.389999999999997,6.174991548343474,4,2.174991548343474,understaffed
RAK-01,2026-10-24,83,261.5,324.1,384.1,0.285,none,True,Ras Al Khaimah,mixed,3.0,3.0,10.0,2,1,261.5,1569.0,26.15,0.7771428571428572,0.7394999999999999,4.597577142857143,26.15,5.687778407509048,3,2.6877784075090476,understaffed
FUJ-01,2026-10-24,83,224.2,277.8,329.2,0.285,none,True,Fujairah,suburban,3.0,3.4,9.0,2,1,224.2,1434.88,23.91466666666667,0.7771428571428572,0.7394999999999999,4.597577142857143,23.91466666666667,5.20158029405136,3,2.20158029405136,understaffed
DXB-01,2026-10-25,84,785.7,983.7,1173.5,0.3,none,False,Dubai,urban_dense,2.6,2.0,13.0,5,4,785.7,3614.22,60.236999999999995,0.7771428571428572,0.7394999999999999,4.597577142857143,60.236999999999995,13.10190087698365,9,4.101900876983651,understaffed
DXB-02,2026-10-25,84,684.3,856.8,1022.1,0.3,none,False,Dubai,urban_dense,2.6,2.0,13.0,5,3,684.3,3147.7799999999997,52.462999999999994,0.7771428571428572,0.7394999999999999,4.597577142857143,52.462999999999994,11.411010271248456,8,3.411010271248456,understaffed
DXB-03,2026-10-25,84,519.6,650.5,776.0,0.3,none,False,Dubai,suburban,3.0,3.4,9.0,5,2,519.6,3325.4400000000005,55.42400000000001,0.7771428571428572,0.7394999999999999,4.597577142857143,55.42400000000001,12.055045141788968,7,5.055045141788968,understaffed
DXB-04,2026-10-25,84,386.5,483.9,577.3,0.3,none,False,Dubai,industrial_b2b,4.2,4.8,6.5,5,3,386.5,3478.5,57.975,0.7771428571428572,0.7394999999999999,4.597577142857143,57.975,12.60990260708746,8,4.609902607087459,understaffed
AUH-01,2026-10-25,84,608.3,761.6,908.5,0.3,none,False,Abu Dhabi,urban_dense,2.6,2.0,13.0,3,3,608.3,2798.1799999999994,46.636333333333326,0.7771428571428572,0.7394999999999999,4.597577142857143,46.636333333333326,10.143676089435095,6,4.143676089435095,understaffed
AUH-02,2026-10-25,84,443.6,555.3,662.4,0.3,none,False,Abu Dhabi,suburban,3.0,3.4,9.0,4,2,443.6,2839.0400000000004,47.31733333333334,0.7771428571428572,0.7394999999999999,4.597577142857143,47.31733333333334,10.29179758448342,6,4.291797584483421,understaffed
AUH-03,2026-10-25,84,329.5,412.5,492.1,0.3,none,False,Abu Dhabi,industrial_b2b,4.2,4.8,6.5,5,2,329.5,2965.5,49.425,0.7771428571428572,0.7394999999999999,4.597577142857143,49.425,10.750227448991765,7,3.7502274489917653,understaffed
SHJ-01,2026-10-25,84,494.2,618.8,738.2,0.3,none,False,Sharjah,suburban,3.0,3.4,9.0,4,3,494.2,3162.88,52.714666666666666,0.7771428571428572,0.7394999999999999,4.597577142857143,52.714666666666666,11.46574924763685,7,4.46574924763685,understaffed
SHJ-02,2026-10-25,84,380.2,476.0,567.8,0.3,none,False,Sharjah,mixed,3.0,3.0,10.0,2,3,380.2,2281.2,38.019999999999996,0.7771428571428572,0.7394999999999999,4.597577142857143,38.019999999999996,8.269573042198623,5,3.2695730421986227,understaffed
AAN-01,2026-10-25,84,240.8,301.5,359.6,0.3,none,False,Al Ain,mixed,3.0,3.0,10.0,2,2,240.8,1444.8000000000002,24.080000000000002,0.7771428571428572,0.7394999999999999,4.597577142857143,24.080000000000002,5.237541263970091,4,1.2375412639700913,understaffed
RAK-01,2026-10-25,84,221.8,277.7,331.2,0.3,none,False,Ras Al Khaimah,mixed,3.0,3.0,10.0,2,1,221.8,1330.8000000000002,22.180000000000003,0.7771428571428572,0.7394999999999999,4.597577142857143,22.180000000000003,4.824280117726604,3,1.8242801177266044,understaffed
FUJ-01,2026-10-25,84,190.1,238.0,283.9,0.3,none,False,Fujairah,suburban,3.0,3.4,9.0,2,1,190.1,1216.64,20.277333333333335,0.7771428571428572,0.7394999999999999,4.597577142857143,20.277333333333335,4.410438955839266,3,1.4104389558392656,understaffed
DXB-01,2026-10-26,85,786.3,984.4,1174.3,0.3,none,False,Dubai,urban_dense,2.6,2.0,13.0,5,4,786.3,3616.9799999999996,60.282999999999994,0.7771428571428572,0.7394999999999999,4.597577142857143,60.282999999999994,13.111906146840072,9,4.111906146840072,understaffed
DXB-02,2026-10-26,85,684.8,857.4,1022.8,0.3,none,False,Dubai,urban_dense,2.6,2.0,13.0,5,3,684.8,3150.0799999999995,52.50133333333333,0.7771428571428572,0.7394999999999999,4.597577142857143,52.50133333333333,11.419347996128808,8,3.419347996128808,understaffed
DXB-03,2026-10-26,85,520.0,651.0,776.6,0.3,none,False,Dubai,suburban,3.0,3.4,9.0,5,2,520.0,3328.0,55.46666666666667,0.7771428571428572,0.7394999999999999,4.597577142857143,55.46666666666667,12.064325392090575,7,5.064325392090575,understaffed
DXB-04,2026-10-26,85,386.8,484.3,577.7,0.3,none,False,Dubai,industrial_b2b,4.2,4.8,6.5,5,3,386.8,3481.2000000000003,58.02,0.7771428571428572,0.7394999999999999,4.597577142857143,58.02,12.619690371077438,8,4.6196903710774375,understaffed
AUH-01,2026-10-26,85,608.7,762.1,909.1,0.3,none,False,Abu Dhabi,urban_dense,2.6,2.0,13.0,3,3,608.7,2800.02,46.667,0.7771428571428572,0.7394999999999999,4.597577142857143,46.667,10.150346269339378,6,4.150346269339378,understaffed
AUH-02,2026-10-26,85,443.9,555.7,662.9,0.3,none,False,Abu Dhabi,suburban,3.0,3.4,9.0,4,2,443.9,2840.96,47.349333333333334,0.7771428571428572,0.7394999999999999,4.597577142857143,47.349333333333334,10.298757772209626,6,4.298757772209626,understaffed
AUH-03,2026-10-26,85,329.7,412.8,492.5,0.3,none,False,Abu Dhabi,industrial_b2b,4.2,4.8,6.5,5,2,329.7,2967.2999999999997,49.455,0.7771428571428572,0.7394999999999999,4.597577142857143,49.455,10.756752624985085,7,3.7567526249850847,understaffed
SHJ-01,2026-10-26,85,494.6,619.2,738.7,0.3,none,False,Sharjah,suburban,3.0,3.4,9.0,4,3,494.6,3165.4400000000005,52.75733333333334,0.7771428571428572,0.7394999999999999,4.597577142857143,52.75733333333334,11.47502949793846,7,4.4750294979384595,understaffed
SHJ-02,2026-10-26,85,380.5,476.3,568.2,0.3,none,False,Sharjah,mixed,3.0,3.0,10.0,2,3,380.5,2283.0,38.05,0.7771428571428572,0.7394999999999999,4.597577142857143,38.05,8.27609821819194,5,3.2760982181919402,understaffed
AAN-01,2026-10-26,85,241.0,301.7,359.9,0.3,none,False,Al Ain,mixed,3.0,3.0,10.0,2,2,241.0,1446.0,24.1,0.7771428571428572,0.7394999999999999,4.597577142857143,24.1,5.24189138129897,4,1.24189138129897,understaffed
RAK-01,2026-10-26,85,221.9,277.9,331.5,0.3,none,False,Ras Al Khaimah,mixed,3.0,3.0,10.0,2,1,221.9,1331.4,22.19,0.7771428571428572,0.7394999999999999,4.597577142857143,22.19,4.826455176391043,3,1.8264551763910433,understaffed
FUJ-01,2026-10-26,85,190.2,238.2,284.1,0.3,none,False,Fujairah,suburban,3.0,3.4,9.0,2,1,190.2,1217.28,20.288,0.7771428571428572,0.7394999999999999,4.597577142857143,20.288,4.4127590184146674,3,1.4127590184146674,understaffed
DXB-01,2026-10-27,86,786.8,985.1,1175.1,0.3,none,False,Dubai,urban_dense,2.6,2.0,13.0,5,4,786.8,3619.2799999999993,60.32133333333332,0.7771428571428572,0.7394999999999999,4.597577142857143,60.32133333333332,13.120243871720422,9,4.120243871720422,understaffed
DXB-02,2026-10-27,86,685.3,858.0,1023.5,0.3,none,False,Dubai,urban_dense,2.6,2.0,13.0,5,3,685.3,3152.3799999999997,52.53966666666666,0.7771428571428572,0.7394999999999999,4.597577142857143,52.53966666666666,11.427685721009158,8,3.4276857210091585,understaffed
DXB-03,2026-10-27,86,520.3,651.5,777.1,0.3,none,False,Dubai,suburban,3.0,3.4,9.0,5,2,520.3,3329.92,55.498666666666665,0.7771428571428572,0.7394999999999999,4.597577142857143,55.498666666666665,12.071285579816779,7,5.071285579816779,understaffed
DXB-04,2026-10-27,86,387.1,484.6,578.1,0.3,none,False,Dubai,industrial_b2b,4.2,4.8,6.5,5,3,387.1,3483.9,58.065000000000005,0.7771428571428572,0.7394999999999999,4.597577142857143,58.065000000000005,12.629478135067414,8,4.629478135067414,understaffed
AUH-01,2026-10-27,86,609.2,762.7,909.8,0.3,none,False,Abu Dhabi,urban_dense,2.6,2.0,13.0,3,3,609.2,2802.32,46.705333333333336,0.7771428571428572,0.7394999999999999,4.597577142857143,46.705333333333336,10.158683994219729,6,4.158683994219729,understaffed
AUH-02,2026-10-27,86,444.2,556.1,663.4,0.3,none,False,Abu Dhabi,suburban,3.0,3.4,9.0,4,2,444.2,2842.88,47.38133333333334,0.7771428571428572,0.7394999999999999,4.597577142857143,47.38133333333334,10.305717959935834,6,4.3057179599358335,understaffed
AUH-03,2026-10-27,86,330.0,413.1,492.8,0.3,none,False,Abu Dhabi,industrial_b2b,4.2,4.8,6.5,5,2,330.0,2970.0,49.5,0.7771428571428572,0.7394999999999999,4.597577142857143,49.5,10.766540388975061,7,3.766540388975061,understaffed
SHJ-01,2026-10-27,86,494.9,619.7,739.2,0.3,none,False,Sharjah,suburban,3.0,3.4,9.0,4,3,494.9,3167.36,52.78933333333334,0.7771428571428572,0.7394999999999999,4.597577142857143,52.78933333333334,11.481989685664665,7,4.481989685664665,understaffed
SHJ-02,2026-10-27,86,380.7,476.7,568.6,0.3,none,False,Sharjah,mixed,3.0,3.0,10.0,2,3,380.7,2284.2,38.07,0.7771428571428572,0.7394999999999999,4.597577142857143,38.07,8.28044833552082,5,3.28044833552082,understaffed
AAN-01,2026-10-27,86,241.1,301.9,360.1,0.3,none,False,Al Ain,mixed,3.0,3.0,10.0,2,2,241.1,1446.6,24.11,0.7771428571428572,0.7394999999999999,4.597577142857143,24.11,5.244066439963409,4,1.244066439963409,understaffed
RAK-01,2026-10-27,86,222.1,278.1,331.7,0.3,none,False,Ras Al Khaimah,mixed,3.0,3.0,10.0,2,1,222.1,1332.6,22.209999999999997,0.7771428571428572,0.7394999999999999,4.597577142857143,22.209999999999997,4.830805293719921,3,1.830805293719921,understaffed
FUJ-01,2026-10-27,86,190.4,238.3,284.3,0.3,none,False,Fujairah,suburban,3.0,3.4,9.0,2,1,190.4,1218.5600000000002,20.309333333333335,0.7771428571428572,0.7394999999999999,4.597577142857143,20.309333333333335,4.417399143565472,3,1.417399143565472,understaffed
DXB-01,2026-10-28,87,787.4,985.8,1176.0,0.3,none,False,Dubai,urban_dense,2.6,2.0,13.0,5,4,787.4,3622.0399999999995,60.36733333333333,0.7771428571428572,0.7394999999999999,4.597577142857143,60.36733333333333,13.130249141576845,9,4.130249141576845,understaffed
DXB-02,2026-10-28,87,685.8,858.6,1024.2,0.3,none,False,Dubai,urban_dense,2.6,2.0,13.0,5,3,685.8,3154.6799999999994,52.57799999999999,0.7771428571428572,0.7394999999999999,4.597577142857143,52.57799999999999,11.436023445889509,8,3.436023445889509,understaffed
DXB-03,2026-10-28,87,520.7,651.9,777.7,0.3,none,False,Dubai,suburban,3.0,3.4,9.0,5,2,520.7,3332.4800000000005,55.54133333333334,0.7771428571428572,0.7394999999999999,4.597577142857143,55.54133333333334,12.08056583011839,7,5.08056583011839,understaffed
DXB-04,2026-10-28,87,387.4,485.0,578.5,0.3,none,False,Dubai,industrial_b2b,4.2,4.8,6.5,5,3,387.4,3486.6,58.11,0.7771428571428572,0.7394999999999999,4.597577142857143,58.11,12.63926589905739,8,4.63926589905739,understaffed
AUH-01,2026-10-28,87,609.6,763.2,910.4,0.3,none,False,Abu Dhabi,urban_dense,2.6,2.0,13.0,3,3,609.6,2804.16,46.736,0.7771428571428572,0.7394999999999999,4.597577142857143,46.736,10.165354174124008,6,4.165354174124008,understaffed
AUH-02,2026-10-28,87,444.5,556.5,663.9,0.3,none,False,Abu Dhabi,suburban,3.0,3.4,9.0,4,2,444.5,2844.8,47.413333333333334,0.7771428571428572,0.7394999999999999,4.597577142857143,47.413333333333334,10.312678147662039,6,4.312678147662039,understaffed
AUH-03,2026-10-28,87,330.2,413.4,493.2,0.3,none,False,Abu Dhabi,industrial_b2b,4.2,4.8,6.5,5,2,330.2,2971.7999999999997,49.529999999999994,0.7771428571428572,0.7394999999999999,4.597577142857143,49.529999999999994,10.773065564968379,7,3.7730655649683786,understaffed
SHJ-01,2026-10-28,87,495.3,620.1,739.7,0.3,none,False,Sharjah,suburban,3.0,3.4,9.0,4,3,495.3,3169.92,52.832,0.7771428571428572,0.7394999999999999,4.597577142857143,52.832,11.491269935966272,7,4.491269935966272,understaffed
SHJ-02,2026-10-28,87,381.0,477.0,569.0,0.3,none,False,Sharjah,mixed,3.0,3.0,10.0,2,3,381.0,2286.0,38.1,0.7771428571428572,0.7394999999999999,4.597577142857143,38.1,8.28697351151414,5,3.286973511514139,understaffed
AAN-01,2026-10-28,87,241.3,302.1,360.4,0.3,none,False,Al Ain,mixed,3.0,3.0,10.0,2,2,241.3,1447.8000000000002,24.130000000000003,0.7771428571428572,0.7394999999999999,4.597577142857143,24.130000000000003,5.2484165572922885,4,1.2484165572922885,understaffed
RAK-01,2026-10-28,87,222.2,278.3,331.9,0.3,none,False,Ras Al Khaimah,mixed,3.0,3.0,10.0,2,1,222.2,1333.1999999999998,22.219999999999995,0.7771428571428572,0.7394999999999999,4.597577142857143,22.219999999999995,4.83298035238436,3,1.83298035238436,understaffed
FUJ-01,2026-10-28,87,190.5,238.5,284.5,0.3,none,False,Fujairah,suburban,3.0,3.4,9.0,2,1,190.5,1219.2,20.32,0.7771428571428572,0.7394999999999999,4.597577142857143,20.32,4.419719206140874,3,1.4197192061408739,understaffed
DXB-01,2026-10-29,88,788.0,986.5,1176.8,0.3,none,False,Dubai,urban_dense,2.6,2.0,13.0,5,4,788.0,3624.7999999999997,60.41333333333333,0.7771428571428572,0.7394999999999999,4.597577142857143,60.41333333333333,13.140254411433267,9,4.140254411433267,understaffed
DXB-02,2026-10-29,88,686.3,859.2,1025.0,0.3,none,False,Dubai,urban_dense,2.6,2.0,13.0,5,3,686.3,3156.9799999999996,52.61633333333332,0.7771428571428572,0.7394999999999999,4.597577142857143,52.61633333333332,11.44436117076986,8,3.4443611707698594,understaffed
DXB-03,2026-10-29,88,521.1,652.4,778.2,0.3,none,False,Dubai,suburban,3.0,3.4,9.0,5,2,521.1,3335.0400000000004,55.58400000000001,0.7771428571428572,0.7394999999999999,4.597577142857143,55.58400000000001,12.08984608042,7,5.089846080419999,understaffed
DXB-04,2026-10-29,88,387.6,485.3,578.9,0.3,none,False,Dubai,industrial_b2b,4.2,4.8,6.5,5,3,387.6,3488.4,58.14,0.7771428571428572,0.7394999999999999,4.597577142857143,58.14,12.64579107505071,8,4.64579107505071,understaffed
AUH-01,2026-10-29,88,610.0,763.8,911.1,0.3,none,False,Abu Dhabi,urban_dense,2.6,2.0,13.0,3,3,610.0,2806.0,46.766666666666666,0.7771428571428572,0.7394999999999999,4.597577142857143,46.766666666666666,10.17202435402829,6,4.17202435402829,understaffed
AUH-02,2026-10-29,88,444.8,556.9,664.3,0.3,none,False,Abu Dhabi,suburban,3.0,3.4,9.0,4,2,444.8,2846.7200000000003,47.44533333333334,0.7771428571428572,0.7394999999999999,4.597577142857143,47.44533333333334,10.319638335388246,6,4.319638335388246,understaffed
AUH-03,2026-10-29,88,330.4,413.7,493.5,0.3,none,False,Abu Dhabi,industrial_b2b,4.2,4.8,6.5,5,2,330.4,2973.6,49.559999999999995,0.7771428571428572,0.7394999999999999,4.597577142857143,49.559999999999995,10.779590740961696,7,3.7795907409616962,understaffed
SHJ-01,2026-10-29,88,495.7,620.6,740.3,0.3,none,False,Sharjah,suburban,3.0,3.4,9.0,4,3,495.7,3172.48,52.87466666666667,0.7771428571428572,0.7394999999999999,4.597577142857143,52.87466666666667,11.500550186267882,7,4.500550186267882,understaffed
SHJ-02,2026-10-29,88,381.3,477.4,569.4,0.3,none,False,Sharjah,mixed,3.0,3.0,10.0,2,3,381.3,2287.8,38.13,0.7771428571428572,0.7394999999999999,4.597577142857143,38.13,8.293498687507457,5,3.293498687507457,understaffed
AAN-01,2026-10-29,88,241.5,302.3,360.6,0.3,none,False,Al Ain,mixed,3.0,3.0,10.0,2,2,241.5,1449.0,24.15,0.7771428571428572,0.7394999999999999,4.597577142857143,24.15,5.252766674621166,4,1.2527666746211663,understaffed
RAK-01,2026-10-29,88,222.4,278.5,332.2,0.3,none,False,Ras Al Khaimah,mixed,3.0,3.0,10.0,2,1,222.4,1334.4,22.240000000000002,0.7771428571428572,0.7394999999999999,4.597577142857143,22.240000000000002,4.83733046971324,3,1.8373304697132404,understaffed
FUJ-01,2026-10-29,88,190.6,238.7,284.7,0.3,none,False,Fujairah,suburban,3.0,3.4,9.0,2,1,190.6,1219.84,20.330666666666666,0.7771428571428572,0.7394999999999999,4.597577142857143,20.330666666666666,4.422039268716276,3,1.4220392687162757,understaffed
DXB-01,2026-10-30,89,930.4,1164.9,1389.6,0.3,none,True,Dubai,urban_dense,2.6,2.0,13.0,5,4,930.4,4279.839999999999,71.33066666666666,0.7771428571428572,0.7394999999999999,4.597577142857143,71.33066666666666,15.514838457357246,9,6.514838457357246,understaffed
DXB-02,2026-10-30,89,810.4,1014.6,1210.3,0.3,none,True,Dubai,urban_dense,2.6,2.0,13.0,5,3,810.4,3727.8399999999997,62.13066666666666,0.7771428571428572,0.7394999999999999,4.597577142857143,62.13066666666666,13.513784486072995,8,5.5137844860729945,understaffed
DXB-03,2026-10-30,89,615.3,770.4,918.9,0.3,none,True,Dubai,suburban,3.0,3.4,9.0,5,2,615.3,3937.92,65.632,0.7771428571428572,0.7394999999999999,4.597577142857143,65.632,14.275345026448713,7,7.275345026448713,understaffed
DXB-04,2026-10-30,89,457.7,573.1,683.6,0.3,none,True,Dubai,industrial_b2b,4.2,4.8,6.5,5,3,457.7,4119.3,68.655,0.7771428571428572,0.7394999999999999,4.597577142857143,68.655,14.932865260708745,8,6.932865260708745,understaffed
AUH-01,2026-10-30,89,720.3,901.9,1075.8,0.3,none,True,Abu Dhabi,urban_dense,2.6,2.0,13.0,3,3,720.3,3313.3799999999997,55.22299999999999,0.7771428571428572,0.7394999999999999,4.597577142857143,55.22299999999999,12.011326462633733,6,6.011326462633733,understaffed
AUH-02,2026-10-30,89,525.3,657.6,784.5,0.3,none,True,Abu Dhabi,suburban,3.0,3.4,9.0,4,2,525.3,3361.92,56.032000000000004,0.7771428571428572,0.7394999999999999,4.597577142857143,56.032000000000004,12.187288708586882,6,6.187288708586882,understaffed
AUH-03,2026-10-30,89,390.2,488.5,582.7,0.3,none,True,Abu Dhabi,industrial_b2b,4.2,4.8,6.5,5,2,390.2,3511.7999999999997,58.529999999999994,0.7771428571428572,0.7394999999999999,4.597577142857143,58.529999999999994,12.730618362963844,7,5.730618362963844,understaffed
SHJ-01,2026-10-30,89,585.3,732.8,874.1,0.3,none,True,Sharjah,suburban,3.0,3.4,9.0,4,3,585.3,3745.92,62.432,0.7771428571428572,0.7394999999999999,4.597577142857143,62.432,13.579326253828103,7,6.579326253828103,understaffed
SHJ-02,2026-10-30,89,450.2,563.7,672.4,0.3,none,True,Sharjah,mixed,3.0,3.0,10.0,2,3,450.2,2701.2,45.019999999999996,0.7771428571428572,0.7394999999999999,4.597577142857143,45.019999999999996,9.792114107306206,5,4.792114107306206,understaffed
AAN-01,2026-10-30,89,285.1,357.0,425.9,0.3,none,True,Al Ain,mixed,3.0,3.0,10.0,2,2,285.1,1710.6000000000001,28.51,0.7771428571428572,0.7394999999999999,4.597577142857143,28.51,6.201092252316748,4,2.201092252316748,understaffed
RAK-01,2026-10-30,89,262.6,328.8,392.2,0.3,none,True,Ras Al Khaimah,mixed,3.0,3.0,10.0,2,1,262.6,1575.6000000000001,26.26,0.7771428571428572,0.7394999999999999,4.597577142857143,26.26,5.711704052817882,3,2.7117040528178817,understaffed
FUJ-01,2026-10-30,89,225.1,281.8,336.2,0.3,none,True,Fujairah,suburban,3.0,3.4,9.0,2,1,225.1,1440.64,24.01066666666667,0.7771428571428572,0.7394999999999999,4.597577142857143,24.01066666666667,5.2224608572299775,3,2.2224608572299775,understaffed
